OswaldoCassette1@gmail.com,http://localhost:9000/me-in-loo/profile_pics/0.jpg,American whole magazine truth stop whose.,0
EdithShepherd2@gmail.com,http://localhost:9000/me-in-loo/profile_pics/1.jpg,Through despite cause cause believe son would mouth.,27
LeandroCopes3@gmail.com,http://localhost:9000/me-in-loo/profile_pics/10.jpg,Check real leader bad school.,2
KelseyBlouin4@gmail.com,None,None,4
JosephCross5@gmail.com,None,Fire happen nothing support suffer which parent.,2
RamiroHale6@gmail.com,None,Policy head Mrs debate onto across character.,2
BarryLee7@gmail.com,http://localhost:9000/me-in-loo/profile_pics/100.jpg,Guess writer can boy room.,1
BettyAdams8@gmail.com,None,Between training listen subject.,3
MabelJohnson9@gmail.com,http://localhost:9000/me-in-loo/profile_pics/1000.jpg,Chair cup her national character writer work chance.,0
EdwardGonzalez10@gmail.com,http://localhost:9000/me-in-loo/profile_pics/1001.jpg,There many true follow marriage material.,0
WilliamShinn11@gmail.com,http://localhost:9000/me-in-loo/profile_pics/1002.jpg,None,5
StanleySvoboda12@gmail.com,http://localhost:9000/me-in-loo/profile_pics/1003.jpg,Particular despite future while together stand along.,0
OrvillePeters13@gmail.com,http://localhost:9000/me-in-loo/profile_pics/1004.jpg,Owner choose here family relationship.,3
HarryDelgadillo14@gmail.com,http://localhost:9000/me-in-loo/profile_pics/1005.jpg,Feel serve large.,1
TimothyMee15@gmail.com,http://localhost:9000/me-in-loo/profile_pics/101.jpg,None,0
JillChard16@gmail.com,http://localhost:9000/me-in-loo/profile_pics/102.jpg,Expert stop area along individual.,1
TraciePage17@gmail.com,http://localhost:9000/me-in-loo/profile_pics/103.jpg,After our car food.,2
ShirleyJemerson18@gmail.com,http://localhost:9000/me-in-loo/profile_pics/104.jpg,None,0
RuthLuther19@gmail.com,http://localhost:9000/me-in-loo/profile_pics/105.jpg,None,3
BenjaminOlson20@gmail.com,http://localhost:9000/me-in-loo/profile_pics/106.jpg,None,2
JosephElkins21@gmail.com,http://localhost:9000/me-in-loo/profile_pics/107.jpg,None,1
GlennWilliams22@gmail.com,http://localhost:9000/me-in-loo/profile_pics/108.jpg,Cost both general where.,3
LesterStrom23@gmail.com,None,Whom gun list.,0
LaurineMoody24@gmail.com,None,View when player contain year.,2
JuliaGans25@gmail.com,None,Ok choose today watch source firm drug.,1
TerryFernandez26@gmail.com,None,Head production technology over hour.,3
AltaFortune27@gmail.com,http://localhost:9000/me-in-loo/profile_pics/109.jpg,Wear someone everybody newspaper.,2
CatherineCope28@gmail.com,http://localhost:9000/me-in-loo/profile_pics/11.jpg,Up control instead company where future model.,1
WilliePlazza29@gmail.com,None,Place beat sense far store last left.,0
ChristopherBrown30@gmail.com,http://localhost:9000/me-in-loo/profile_pics/110.jpg,Boy without feeling participant interest.,2
ChelseaWashington31@gmail.com,http://localhost:9000/me-in-loo/profile_pics/111.jpg,Question set discussion seven.,3
CatherineBorders32@gmail.com,None,Keep daughter report town almost.,2
JenniferPepper33@gmail.com,None,None,0
ArnoldClark34@gmail.com,None,Many group public.,0
MaxieThroneberry35@gmail.com,http://localhost:9000/me-in-loo/profile_pics/112.jpg,Medical class send front sound.,0
AnitraRobertson36@gmail.com,http://localhost:9000/me-in-loo/profile_pics/113.jpg,None,5
RoscoeCallahan37@gmail.com,None,Several might history strong economy.,0
CassieMeachen38@gmail.com,http://localhost:9000/me-in-loo/profile_pics/114.jpg,Word source wall drug purpose mouth then.,2
TishaAhearn39@gmail.com,None,Former section across staff.,0
FeliciaRoswell40@gmail.com,None,Weight guy personal follow.,5
JohnMurray41@gmail.com,http://localhost:9000/me-in-loo/profile_pics/115.jpg,Wear general one bar nice spend.,3
ArmandoKnox42@gmail.com,http://localhost:9000/me-in-loo/profile_pics/116.jpg,Foreign remember site military lead.,3
LoreenCook43@gmail.com,http://localhost:9000/me-in-loo/profile_pics/117.jpg,None,4
LawandaGray44@gmail.com,http://localhost:9000/me-in-loo/profile_pics/118.jpg,None,0
CodyWhitford45@gmail.com,http://localhost:9000/me-in-loo/profile_pics/119.jpg,Issue radio especially road get car party.,0
JaniceAnderson46@gmail.com,http://localhost:9000/me-in-loo/profile_pics/12.jpg,None,1
WilliamMoseley47@gmail.com,None,Issue huge away.,0
ShawndaRobinson48@gmail.com,http://localhost:9000/me-in-loo/profile_pics/120.jpg,None,3
RickeyRieger49@gmail.com,http://localhost:9000/me-in-loo/profile_pics/121.jpg,Those north trouble upon.,1
GayCarpenter50@gmail.com,None,None,0
RichardHurst51@gmail.com,None,If do them although per environmental medical nearly.,3
ChristineReed52@gmail.com,http://localhost:9000/me-in-loo/profile_pics/122.jpg,Research blood list girl sister their rate.,0
CharlesRamirez53@gmail.com,None,Marriage worker ever across great.,0
AdaPerez54@gmail.com,http://localhost:9000/me-in-loo/profile_pics/123.jpg,Begin fight institution school white team.,0
LindaRodriguez55@gmail.com,None,Explain current simply process sit.,3
ElidaButler56@gmail.com,http://localhost:9000/me-in-loo/profile_pics/124.jpg,Land general during cost.,2
RolandTolston57@gmail.com,None,Himself medical fund station enough become.,0
SharonHanes58@gmail.com,None,None,0
JaniceGluck59@gmail.com,None,Phone nor as year look floor.,1
JoMiller60@gmail.com,http://localhost:9000/me-in-loo/profile_pics/125.jpg,Its professor while seven.,0
DinoElder61@gmail.com,None,Relationship easy picture enough.,1
FlorineTorres62@gmail.com,http://localhost:9000/me-in-loo/profile_pics/126.jpg,None,0
EvanBoone63@gmail.com,http://localhost:9000/me-in-loo/profile_pics/127.jpg,Factor pattern PM seat my arrive.,1
EvelineCoyne64@gmail.com,http://localhost:9000/me-in-loo/profile_pics/128.jpg,Add traditional standard PM election case yet.,3
DanielKidd65@gmail.com,http://localhost:9000/me-in-loo/profile_pics/129.jpg,But order leg food fast pick.,4
NancyMiller66@gmail.com,http://localhost:9000/me-in-loo/profile_pics/13.jpg,Country describe method meeting space.,2
JoseZavala67@gmail.com,None,Cut billion eight.,1
ReginaldNadler68@gmail.com,http://localhost:9000/me-in-loo/profile_pics/130.jpg,Vote continue community whole growth.,2
OlinBakker69@gmail.com,None,Purpose prevent again.,1
RalphSanchez70@gmail.com,None,While door statement scene teach.,2
DeanSmith71@gmail.com,http://localhost:9000/me-in-loo/profile_pics/131.jpg,Physical treat dinner able job page position possible.,1
FayeWojcik72@gmail.com,http://localhost:9000/me-in-loo/profile_pics/132.jpg,Sound city blue else resource part instead.,2
PameliaVelez73@gmail.com,http://localhost:9000/me-in-loo/profile_pics/133.jpg,Type short rather spend similar both significant stuff.,3
GinaFloyd74@gmail.com,http://localhost:9000/me-in-loo/profile_pics/134.jpg,Any include try agree out.,1
EstherWilliams75@gmail.com,http://localhost:9000/me-in-loo/profile_pics/135.jpg,None,2
MichaelShedden76@gmail.com,http://localhost:9000/me-in-loo/profile_pics/136.jpg,Night reflect image throughout.,2
LillyPaul77@gmail.com,http://localhost:9000/me-in-loo/profile_pics/137.jpg,Sea knowledge my night.,0
TinaOrdway78@gmail.com,http://localhost:9000/me-in-loo/profile_pics/138.jpg,Open collection become light environmental.,2
ShelbyRoss79@gmail.com,http://localhost:9000/me-in-loo/profile_pics/139.jpg,Significant strategy medical voice.,3
PeggyWinters80@gmail.com,http://localhost:9000/me-in-loo/profile_pics/14.jpg,Bank result peace reality evidence.,0
SandraBoldosser81@gmail.com,http://localhost:9000/me-in-loo/profile_pics/140.jpg,None,279
MatthewPless82@gmail.com,None,None,1
CherylFoster83@gmail.com,None,None,0
BettyProk84@gmail.com,None,Many decade gun see.,3
SamuelJones85@gmail.com,http://localhost:9000/me-in-loo/profile_pics/141.jpg,Compare where value team majority.,0
SandyHoskins86@gmail.com,None,Over road some stay.,0
SueLaymon87@gmail.com,http://localhost:9000/me-in-loo/profile_pics/142.jpg,None,2
DorisDonnelly88@gmail.com,http://localhost:9000/me-in-loo/profile_pics/143.jpg,Home employee month fund cell change.,4
DarrenBison89@gmail.com,http://localhost:9000/me-in-loo/profile_pics/144.jpg,Establish go with teacher.,4
JohnBangert90@gmail.com,http://localhost:9000/me-in-loo/profile_pics/145.jpg,Argue create behavior ten effort kitchen into.,0
BerthaSaylor91@gmail.com,http://localhost:9000/me-in-loo/profile_pics/146.jpg,Miss lawyer machine candidate loss safe growth.,2
TracyWorley92@gmail.com,None,Several red decision assume successful her however.,0
LawrenceFord93@gmail.com,http://localhost:9000/me-in-loo/profile_pics/147.jpg,Along various century energy reduce old.,1
RichardLambert94@gmail.com,http://localhost:9000/me-in-loo/profile_pics/148.jpg,None,0
JesseHood95@gmail.com,http://localhost:9000/me-in-loo/profile_pics/149.jpg,Order goal party threat.,3
MacOller96@gmail.com,None,Take call machine computer.,5
JohnGerow97@gmail.com,http://localhost:9000/me-in-loo/profile_pics/15.jpg,Direction security window send the live economic.,4
CarlosBoldenow98@gmail.com,http://localhost:9000/me-in-loo/profile_pics/150.jpg,None,5
MichaelDeleon99@gmail.com,None,None,0
TeriDoucette100@gmail.com,http://localhost:9000/me-in-loo/profile_pics/151.jpg,None,3
MarcoStrayer101@gmail.com,http://localhost:9000/me-in-loo/profile_pics/152.jpg,None,3
PaulWalker102@gmail.com,None,None,2
JohnTibbetts103@gmail.com,http://localhost:9000/me-in-loo/profile_pics/153.jpg,None,1
AntonioOneil104@gmail.com,None,Wind term manager well area probably line.,1
JamesDunlap105@gmail.com,http://localhost:9000/me-in-loo/profile_pics/154.jpg,Recently pay reach.,3
PeggyYu106@gmail.com,None,Fact safe about response heart spring those.,2
JohnCecil107@gmail.com,http://localhost:9000/me-in-loo/profile_pics/155.jpg,Reflect new choose adult opportunity style yes.,2
BriannaBlackburn108@gmail.com,http://localhost:9000/me-in-loo/profile_pics/156.jpg,When value point set unit.,2
RonJackson109@gmail.com,None,Your approach subject possible first Mr another travel.,3
QuinnCarstens110@gmail.com,http://localhost:9000/me-in-loo/profile_pics/157.jpg,Nearly drop quickly network.,1
VincentLeonard111@gmail.com,None,Dream determine action why seem too laugh.,1
EdithJose112@gmail.com,http://localhost:9000/me-in-loo/profile_pics/158.jpg,Believe project resource floor mouth possible kitchen.,3
RolandStone113@gmail.com,http://localhost:9000/me-in-loo/profile_pics/159.jpg,Energy defense tax discuss according structure follow attention.,0
PatriciaCowdery114@gmail.com,http://localhost:9000/me-in-loo/profile_pics/16.jpg,Late manager ever quality dark tough.,0
NicoleBright115@gmail.com,None,None,3
NicholasNelson116@gmail.com,None,Education because some son yeah.,3
CharlesKane117@gmail.com,http://localhost:9000/me-in-loo/profile_pics/160.jpg,These which sign politics enter enough knowledge.,0
DianeHancock118@gmail.com,http://localhost:9000/me-in-loo/profile_pics/161.jpg,None,3
LillianBriggs119@gmail.com,http://localhost:9000/me-in-loo/profile_pics/162.jpg,Relationship individual though bill chance shake.,3
JamesTomes120@gmail.com,http://localhost:9000/me-in-loo/profile_pics/163.jpg,Threat party industry relate affect contain tell.,0
LucioByerly121@gmail.com,http://localhost:9000/me-in-loo/profile_pics/164.jpg,None,3
LouannPerez122@gmail.com,None,None,0
MarieCalloway123@gmail.com,http://localhost:9000/me-in-loo/profile_pics/165.jpg,None,1
MaryLewis124@gmail.com,http://localhost:9000/me-in-loo/profile_pics/166.jpg,Along speech food seat actually.,0
RobertShaw125@gmail.com,http://localhost:9000/me-in-loo/profile_pics/167.jpg,None,1
DominiqueNielsen126@gmail.com,http://localhost:9000/me-in-loo/profile_pics/168.jpg,Hand avoid suffer democratic organization.,1
GregToddy127@gmail.com,http://localhost:9000/me-in-loo/profile_pics/169.jpg,Power hour court pretty arm number moment.,0
ArthurLancaster128@gmail.com,None,Market east movie present people remember.,0
RebeccaEanni129@gmail.com,http://localhost:9000/me-in-loo/profile_pics/17.jpg,True market everybody others beautiful adult.,1
TheresaVerrastro130@gmail.com,http://localhost:9000/me-in-loo/profile_pics/170.jpg,Support black mother section.,0
ArturoLaprade131@gmail.com,None,Discover make include brother government wrong.,0
EdgarTaylor132@gmail.com,http://localhost:9000/me-in-loo/profile_pics/171.jpg,None,0
ChristopherBenjamin133@gmail.com,None,Child surface take body.,0
AnitaSaunders134@gmail.com,http://localhost:9000/me-in-loo/profile_pics/172.jpg,History floor very mother report finally raise.,0
GeorgeMckinney135@gmail.com,None,None,223
JosephParker136@gmail.com,None,None,0
WilliamFuller137@gmail.com,http://localhost:9000/me-in-loo/profile_pics/173.jpg,None,0
KarenWestmark138@gmail.com,http://localhost:9000/me-in-loo/profile_pics/174.jpg,Perhaps data tend name effect lot give.,283
MinnieDorland139@gmail.com,None,None,3
StevieRashid140@gmail.com,http://localhost:9000/me-in-loo/profile_pics/175.jpg,Present prevent person still.,2
LorrainePenney141@gmail.com,http://localhost:9000/me-in-loo/profile_pics/176.jpg,None,2
RandyHogan142@gmail.com,None,None,3
KathrynMains143@gmail.com,http://localhost:9000/me-in-loo/profile_pics/177.jpg,Approach American next author program again.,0
RonnieJones144@gmail.com,http://localhost:9000/me-in-loo/profile_pics/178.jpg,It return order inside stop religious.,0
SusanaJackson145@gmail.com,http://localhost:9000/me-in-loo/profile_pics/179.jpg,Beautiful attorney leader together sure how.,3
BarbaraMartins146@gmail.com,http://localhost:9000/me-in-loo/profile_pics/18.jpg,Answer economy threat do someone method nothing will.,2
JackPerez147@gmail.com,http://localhost:9000/me-in-loo/profile_pics/180.jpg,None,2
VernaCook148@gmail.com,None,None,2
PeggyLopez149@gmail.com,http://localhost:9000/me-in-loo/profile_pics/181.jpg,None,3
CarolMilhorn150@gmail.com,http://localhost:9000/me-in-loo/profile_pics/182.jpg,Hope themselves different performance wonder.,0
MatthewCalhoun151@gmail.com,http://localhost:9000/me-in-loo/profile_pics/183.jpg,None,0
WoodrowRuiz152@gmail.com,http://localhost:9000/me-in-loo/profile_pics/184.jpg,Benefit happen difficult understand next.,1
EmilioWilliams153@gmail.com,http://localhost:9000/me-in-loo/profile_pics/185.jpg,Center baby power team American sing.,2
HeatherMilligan154@gmail.com,None,Military carry what.,0
HeatherBeal155@gmail.com,None,Exactly five political business size television time.,2
ChristinaTakaki156@gmail.com,None,Building station stand decade.,76
DamonVoorhees157@gmail.com,http://localhost:9000/me-in-loo/profile_pics/186.jpg,Structure recent woman opportunity color you book fall.,0
KathleenHuffman158@gmail.com,http://localhost:9000/me-in-loo/profile_pics/187.jpg,Weight since same find box list first.,0
HowardKantrowitz159@gmail.com,None,Important mean almost because.,0
KevinLangel160@gmail.com,None,Power from not beyond.,0
MichaelMann161@gmail.com,None,In child treat especially night past picture.,0
RobertRinker162@gmail.com,http://localhost:9000/me-in-loo/profile_pics/188.jpg,Event firm against instead training article again.,0
DerekWilliams163@gmail.com,None,Save soon well must already these growth.,0
JavierRumsey164@gmail.com,http://localhost:9000/me-in-loo/profile_pics/189.jpg,None,0
PierreShearer165@gmail.com,http://localhost:9000/me-in-loo/profile_pics/19.jpg,Machine child quite general animal.,0
WilliamGaroutte166@gmail.com,http://localhost:9000/me-in-loo/profile_pics/190.jpg,None,0
CarlPierce167@gmail.com,http://localhost:9000/me-in-loo/profile_pics/191.jpg,Fall pass other yes tree crime still.,0
StephenRojas168@gmail.com,http://localhost:9000/me-in-loo/profile_pics/192.jpg,Watch skin these these laugh.,0
SofiaPrice169@gmail.com,http://localhost:9000/me-in-loo/profile_pics/193.jpg,None,0
FreddiePuccia170@gmail.com,http://localhost:9000/me-in-loo/profile_pics/194.jpg,Line door customer expert federal positive trial.,0
EsterShutts171@gmail.com,http://localhost:9000/me-in-loo/profile_pics/195.jpg,None,0
DeborahHeck172@gmail.com,http://localhost:9000/me-in-loo/profile_pics/196.jpg,Lay success clearly wear right color yet production.,0
GaryBarr173@gmail.com,http://localhost:9000/me-in-loo/profile_pics/197.jpg,Agency hope common thought half meeting visit.,0
GloriaHamilton174@gmail.com,None,Mr including perform use trip recognize add ok.,0
PatriciaRivera175@gmail.com,http://localhost:9000/me-in-loo/profile_pics/198.jpg,Build firm book.,0
RandyRoss176@gmail.com,None,Care plant happy.,0
GildaAaron177@gmail.com,None,At woman politics education.,0
FelixPettway178@gmail.com,http://localhost:9000/me-in-loo/profile_pics/199.jpg,After skin her church thousand dark book.,0
EllenWordlaw179@gmail.com,http://localhost:9000/me-in-loo/profile_pics/2.jpg,And either trial.,0
ColleenWylam180@gmail.com,http://localhost:9000/me-in-loo/profile_pics/20.jpg,Production form television true.,0
DoraTalerico181@gmail.com,http://localhost:9000/me-in-loo/profile_pics/200.jpg,None,0
QuintonSantana182@gmail.com,None,Any purpose newspaper by dinner.,0
LyleChapmon183@gmail.com,http://localhost:9000/me-in-loo/profile_pics/201.jpg,None,0
RandyHumber184@gmail.com,None,Way guy grow detail.,0
JohnJohnson185@gmail.com,http://localhost:9000/me-in-loo/profile_pics/202.jpg,Seek argue painting bed much.,0
EvanShorey186@gmail.com,None,None,0
BrianRodriques187@gmail.com,http://localhost:9000/me-in-loo/profile_pics/203.jpg,Need contain step herself human.,0
HermanCruz188@gmail.com,http://localhost:9000/me-in-loo/profile_pics/204.jpg,Area suggest own garden five enter factor.,0
ToddSturdivant189@gmail.com,None,None,0
LouiseBeeson190@gmail.com,http://localhost:9000/me-in-loo/profile_pics/205.jpg,None,0
CharlesKnutson191@gmail.com,http://localhost:9000/me-in-loo/profile_pics/206.jpg,Do myself structure site item.,0
KennethWhite192@gmail.com,None,None,0
KenSummers193@gmail.com,http://localhost:9000/me-in-loo/profile_pics/207.jpg,Response city future several.,0
JamesLockwood194@gmail.com,None,Face office system present.,0
HenryCain195@gmail.com,None,None,0
ElenaValentine196@gmail.com,http://localhost:9000/me-in-loo/profile_pics/208.jpg,War open material.,0
WilliamHudson197@gmail.com,None,Number both morning light nation position.,0
TheodoreBlanks198@gmail.com,http://localhost:9000/me-in-loo/profile_pics/209.jpg,Training left after bit toward adult also.,0
AlbertGentry199@gmail.com,http://localhost:9000/me-in-loo/profile_pics/21.jpg,Everybody onto sing nearly family issue.,0
LillianWilder200@gmail.com,http://localhost:9000/me-in-loo/profile_pics/210.jpg,None,0
AndrewPaulding201@gmail.com,http://localhost:9000/me-in-loo/profile_pics/211.jpg,Dinner who wind.,0
MelindaNeeley202@gmail.com,http://localhost:9000/me-in-loo/profile_pics/212.jpg,None,0
DexterMarino203@gmail.com,None,During owner check attorney process.,0
MaryShuman204@gmail.com,None,Trouble make outside challenge.,0
AlicePearson205@gmail.com,http://localhost:9000/me-in-loo/profile_pics/213.jpg,Discussion rich ball.,0
LindaNash206@gmail.com,http://localhost:9000/me-in-loo/profile_pics/214.jpg,None,0
RuthClift207@gmail.com,http://localhost:9000/me-in-loo/profile_pics/215.jpg,None,0
AgnesTrogdon208@gmail.com,http://localhost:9000/me-in-loo/profile_pics/216.jpg,Turn camera imagine accept stock area.,0
GeorginaCox209@gmail.com,http://localhost:9000/me-in-loo/profile_pics/217.jpg,Concern every oil.,0
ArthurBuchholtz210@gmail.com,http://localhost:9000/me-in-loo/profile_pics/218.jpg,Fast picture through.,0
PhyllisLiptrot211@gmail.com,http://localhost:9000/me-in-loo/profile_pics/219.jpg,Wrong say talk.,0
MargaretRobinson212@gmail.com,http://localhost:9000/me-in-loo/profile_pics/22.jpg,Democrat game tax operation.,0
ShantayOtt213@gmail.com,http://localhost:9000/me-in-loo/profile_pics/220.jpg,Opportunity between nation image information.,0
ErnestHelland214@gmail.com,http://localhost:9000/me-in-loo/profile_pics/221.jpg,If throw indicate.,0
DonaldSpeedy215@gmail.com,http://localhost:9000/me-in-loo/profile_pics/222.jpg,None,0
JerryChaddock216@gmail.com,http://localhost:9000/me-in-loo/profile_pics/223.jpg,None,0
WilliamBethel217@gmail.com,http://localhost:9000/me-in-loo/profile_pics/224.jpg,Pick above relate probably magazine.,0
WalterRamsey218@gmail.com,None,None,0
WilliamWoodard219@gmail.com,http://localhost:9000/me-in-loo/profile_pics/225.jpg,None,0
NoblePhillips220@gmail.com,http://localhost:9000/me-in-loo/profile_pics/226.jpg,Collection face stuff can stage weight.,0
PeterAnger221@gmail.com,http://localhost:9000/me-in-loo/profile_pics/227.jpg,Heavy tax hundred magazine.,0
SpencerSeymour222@gmail.com,None,None,0
CorrinaMorrison223@gmail.com,None,Computer modern increase me item many ready.,0
LynnConklin224@gmail.com,http://localhost:9000/me-in-loo/profile_pics/228.jpg,None,0
ChristopherPrahm225@gmail.com,http://localhost:9000/me-in-loo/profile_pics/229.jpg,Be decision film anything cost conference cause.,0
HaroldMeier226@gmail.com,None,Significant choose serious experience country.,0
NancyBuddington227@gmail.com,None,Argue name realize sense the.,0
PhyllisNeal228@gmail.com,http://localhost:9000/me-in-loo/profile_pics/23.jpg,Energy agree ok nothing evidence leave knowledge.,0
CynthiaMorrow229@gmail.com,http://localhost:9000/me-in-loo/profile_pics/230.jpg,None,0
EdgarAnderson230@gmail.com,None,Too camera human single face capital.,0
BeatrizFinn231@gmail.com,http://localhost:9000/me-in-loo/profile_pics/231.jpg,Institution tonight act base suddenly support but.,0
AlBrock232@gmail.com,None,None,0
DavidMiller233@gmail.com,http://localhost:9000/me-in-loo/profile_pics/232.jpg,Happy PM finally dream eight.,0
JohnFalcon234@gmail.com,None,Front including analysis phone.,0
ShantelHarmon235@gmail.com,http://localhost:9000/me-in-loo/profile_pics/233.jpg,Significant take certainly specific various it.,0
CharleyDavis236@gmail.com,None,Hair again partner weight financial eight doctor.,0
WilliamDenard237@gmail.com,http://localhost:9000/me-in-loo/profile_pics/234.jpg,None,0
RubenRhoades238@gmail.com,None,Step how machine defense actually up.,0
MableTurner239@gmail.com,None,One truth growth out offer military people.,0
MichaelSims240@gmail.com,http://localhost:9000/me-in-loo/profile_pics/235.jpg,Parent control question nature.,0
RobertHidinger241@gmail.com,http://localhost:9000/me-in-loo/profile_pics/236.jpg,List history real skin.,0
DerekYamada242@gmail.com,None,None,0
PatLembke243@gmail.com,None,Though station should rest all.,0
ConstanceCaine244@gmail.com,http://localhost:9000/me-in-loo/profile_pics/237.jpg,Hand society change behavior number together.,0
CynthiaPurnell245@gmail.com,http://localhost:9000/me-in-loo/profile_pics/238.jpg,Class at order leg.,0
CharleneBurton246@gmail.com,None,Style partner over morning cost wrong relate.,0
TamiVedder247@gmail.com,None,None,0
WilliamAbrams248@gmail.com,None,Return middle plant language throw available.,0
PearlWilliams249@gmail.com,http://localhost:9000/me-in-loo/profile_pics/239.jpg,None,0
LawrenceLaplant250@gmail.com,http://localhost:9000/me-in-loo/profile_pics/24.jpg,Interview second rather concern modern agent nice.,0
ChristyPetty251@gmail.com,None,Two beyond approach dream guess director lay listen.,0
DianMurray252@gmail.com,http://localhost:9000/me-in-loo/profile_pics/240.jpg,None,0
MarkJoseph253@gmail.com,None,Bed class own.,0
LornaDejesus254@gmail.com,http://localhost:9000/me-in-loo/profile_pics/241.jpg,None,0
JanetRobbins255@gmail.com,http://localhost:9000/me-in-loo/profile_pics/242.jpg,None,0
HalleyWilhelm256@gmail.com,http://localhost:9000/me-in-loo/profile_pics/243.jpg,Interest attention whole writer because miss.,0
FrancesAlston257@gmail.com,http://localhost:9000/me-in-loo/profile_pics/244.jpg,None,0
FabiolaLewis258@gmail.com,None,None,0
GerardHitz259@gmail.com,http://localhost:9000/me-in-loo/profile_pics/245.jpg,His prove environmental will could.,0
DanielNichelson260@gmail.com,http://localhost:9000/me-in-loo/profile_pics/246.jpg,New write most.,0
GuyRodriguez261@gmail.com,None,None,0
PetraMciver262@gmail.com,http://localhost:9000/me-in-loo/profile_pics/247.jpg,None,0
KimberlyDagostino263@gmail.com,http://localhost:9000/me-in-loo/profile_pics/248.jpg,Hundred still per sell eye.,0
BetsyAtkins264@gmail.com,http://localhost:9000/me-in-loo/profile_pics/249.jpg,Receive travel friend theory.,0
MichaelSmith265@gmail.com,http://localhost:9000/me-in-loo/profile_pics/25.jpg,The push notice.,0
HelgaCharles266@gmail.com,None,Once father play mind not.,0
JohnClark267@gmail.com,http://localhost:9000/me-in-loo/profile_pics/250.jpg,Individual leg under full.,0
AnaBabb268@gmail.com,None,Several somebody suggest class list card.,0
PeterRice269@gmail.com,http://localhost:9000/me-in-loo/profile_pics/251.jpg,None,0
GaryHaley270@gmail.com,None,Rock generation marriage that.,0
MaryJones271@gmail.com,http://localhost:9000/me-in-loo/profile_pics/252.jpg,None,0
DavidJohnson272@gmail.com,http://localhost:9000/me-in-loo/profile_pics/253.jpg,Kid couple most special trip behavior.,0
AndrewCruz273@gmail.com,None,None,0
RandyShoulta274@gmail.com,http://localhost:9000/me-in-loo/profile_pics/254.jpg,Impact already detail official produce option result.,0
JessieStraka275@gmail.com,None,Tonight black where turn tonight great who.,0
LydiaPierce276@gmail.com,http://localhost:9000/me-in-loo/profile_pics/255.jpg,Fill might him indeed.,0
RonaldNavarrete277@gmail.com,None,None,0
LatonyaHayden278@gmail.com,http://localhost:9000/me-in-loo/profile_pics/256.jpg,Late mean political many his sister.,0
DevonRobinson279@gmail.com,http://localhost:9000/me-in-loo/profile_pics/257.jpg,None,0
JamesJacobs280@gmail.com,http://localhost:9000/me-in-loo/profile_pics/258.jpg,None,0
ArronOzzella281@gmail.com,http://localhost:9000/me-in-loo/profile_pics/259.jpg,Learn likely audience body scientist appear black.,0
JoseMartin282@gmail.com,http://localhost:9000/me-in-loo/profile_pics/26.jpg,Control nothing since entire southern capital outside piece.,0
MarkFullard283@gmail.com,None,None,0
LutherShumaker284@gmail.com,None,None,0
FreddieCalabrese285@gmail.com,http://localhost:9000/me-in-loo/profile_pics/260.jpg,Per husband provide social wear machine.,0
RebeccaTaylor286@gmail.com,None,None,0
BeckyFreed287@gmail.com,http://localhost:9000/me-in-loo/profile_pics/261.jpg,Month light I have.,0
HelenRodriguez288@gmail.com,http://localhost:9000/me-in-loo/profile_pics/262.jpg,Do girl some exactly important no.,0
NatashaPinson289@gmail.com,http://localhost:9000/me-in-loo/profile_pics/263.jpg,Onto least play some eat yard too.,0
MichaelKern290@gmail.com,http://localhost:9000/me-in-loo/profile_pics/264.jpg,None,0
JohnPrudhomme291@gmail.com,None,Though statement just or.,0
ErinConstantine292@gmail.com,None,Move particularly purpose.,0
MichaelDegroat293@gmail.com,http://localhost:9000/me-in-loo/profile_pics/265.jpg,None,0
MichelleSayegh294@gmail.com,None,Since dinner least leave.,0
LeonardPiper295@gmail.com,http://localhost:9000/me-in-loo/profile_pics/266.jpg,Policy amount suggest wonder.,0
MargaretSmith296@gmail.com,http://localhost:9000/me-in-loo/profile_pics/267.jpg,Cause enough reveal.,0
KayGarner297@gmail.com,http://localhost:9000/me-in-loo/profile_pics/268.jpg,Item discussion focus among.,0
ChrisHill298@gmail.com,None,Trouble truth identify between executive.,0
LaurieSmall299@gmail.com,None,Pass quite fact political.,0
AmyDunn300@gmail.com,None,Happy trial career chair memory without light.,0
SusanAshlock301@gmail.com,http://localhost:9000/me-in-loo/profile_pics/269.jpg,None,0
ThomasParsons302@gmail.com,http://localhost:9000/me-in-loo/profile_pics/27.jpg,Conference to young catch me.,0
AaronRoot303@gmail.com,http://localhost:9000/me-in-loo/profile_pics/270.jpg,Nation evidence size total bring suffer help generation.,0
JohnObleton304@gmail.com,http://localhost:9000/me-in-loo/profile_pics/271.jpg,Indicate available approach order age image who.,0
AntioneDearcos305@gmail.com,http://localhost:9000/me-in-loo/profile_pics/272.jpg,School he maintain raise.,0
EssieHoar306@gmail.com,http://localhost:9000/me-in-loo/profile_pics/273.jpg,None,0
PaulCastilleja307@gmail.com,http://localhost:9000/me-in-loo/profile_pics/274.jpg,Feeling model others technology successful.,0
EnriqueStinebaugh308@gmail.com,None,Design gas dark raise down thing.,0
JaneStarling309@gmail.com,None,Inside box wind image guy particularly.,0
MaryNorton310@gmail.com,None,Resource recent side watch garden.,0
MichelleMoore311@gmail.com,http://localhost:9000/me-in-loo/profile_pics/275.jpg,Others painting choose simply.,0
DeborahWegner312@gmail.com,None,None,0
RodrickComeau313@gmail.com,http://localhost:9000/me-in-loo/profile_pics/276.jpg,Occur institution give ago three daughter.,0
AnnieGold314@gmail.com,http://localhost:9000/me-in-loo/profile_pics/277.jpg,None,0
JosephTodd315@gmail.com,http://localhost:9000/me-in-loo/profile_pics/278.jpg,None,0
JosephBeck316@gmail.com,http://localhost:9000/me-in-loo/profile_pics/279.jpg,None,0
JuanBieniek317@gmail.com,None,Perform themselves image me.,0
JamieNelson318@gmail.com,http://localhost:9000/me-in-loo/profile_pics/28.jpg,Decide bar owner language every peace whose.,0
JohnPeevy319@gmail.com,http://localhost:9000/me-in-loo/profile_pics/280.jpg,None,0
ZacharyBailey320@gmail.com,http://localhost:9000/me-in-loo/profile_pics/281.jpg,Half now likely although.,0
JohnathanTews321@gmail.com,http://localhost:9000/me-in-loo/profile_pics/282.jpg,Ever it speech everything left provide rule.,0
KelseyAndrews322@gmail.com,http://localhost:9000/me-in-loo/profile_pics/283.jpg,None,0
ArnoldoMillwee323@gmail.com,http://localhost:9000/me-in-loo/profile_pics/284.jpg,None,0
ReidMayer324@gmail.com,None,None,0
JeffPatel325@gmail.com,None,Yet scientist four west heart doctor.,0
RonaldMelendez326@gmail.com,http://localhost:9000/me-in-loo/profile_pics/285.jpg,Throw day economic body road thank stand course.,0
MichaelRuggles327@gmail.com,None,Item offer visit society.,0
JuanKnost328@gmail.com,http://localhost:9000/me-in-loo/profile_pics/286.jpg,Stage family easy debate arm.,0
JoyConner329@gmail.com,http://localhost:9000/me-in-loo/profile_pics/287.jpg,None,0
RoseFink330@gmail.com,http://localhost:9000/me-in-loo/profile_pics/288.jpg,Discussion oil air can camera score store.,0
HelenBagg331@gmail.com,http://localhost:9000/me-in-loo/profile_pics/289.jpg,Who general throughout suggest this write thing reflect.,0
ElizabethEvans332@gmail.com,None,Firm music money.,0
MargaretCardona333@gmail.com,None,Rest daughter government some election.,0
SarahBlair334@gmail.com,http://localhost:9000/me-in-loo/profile_pics/29.jpg,Name skill model happen woman future.,0
JudithDecker335@gmail.com,None,Quality store present.,0
FrankieJones336@gmail.com,http://localhost:9000/me-in-loo/profile_pics/290.jpg,None,0
JamesMeans337@gmail.com,None,Friend environment new cultural try computer.,0
NatashaHoward338@gmail.com,http://localhost:9000/me-in-loo/profile_pics/291.jpg,Series back floor many.,0
TerryTaylor339@gmail.com,None,Officer firm create vote against director.,0
TheodoreElkins340@gmail.com,http://localhost:9000/me-in-loo/profile_pics/292.jpg,Fly rich could various many sport.,0
StevenRemick341@gmail.com,http://localhost:9000/me-in-loo/profile_pics/293.jpg,None,0
RosemaryMcadams342@gmail.com,None,Assume when way pay air bag I.,0
BerniceAdamson343@gmail.com,http://localhost:9000/me-in-loo/profile_pics/294.jpg,Together big want free choose money.,0
KarenLindo344@gmail.com,None,None,0
CassandraGonzales345@gmail.com,None,Production past single sell.,0
MaryGreen346@gmail.com,http://localhost:9000/me-in-loo/profile_pics/295.jpg,Much Democrat field money white.,0
DaleBarton347@gmail.com,None,None,0
GlennDavis348@gmail.com,http://localhost:9000/me-in-loo/profile_pics/296.jpg,First structure summer alone.,0
EarnestHanna349@gmail.com,http://localhost:9000/me-in-loo/profile_pics/297.jpg,Wife item hear allow local price.,0
VeronicaBowles350@gmail.com,None,Improve security drop wish early.,0
JillianRecher351@gmail.com,http://localhost:9000/me-in-loo/profile_pics/298.jpg,Glass few ok thousand eat degree.,0
KevinGraham352@gmail.com,http://localhost:9000/me-in-loo/profile_pics/299.jpg,Anyone throw positive capital pay Democrat.,0
KristopherIoele353@gmail.com,http://localhost:9000/me-in-loo/profile_pics/3.jpg,About support artist.,0
ThomasCaspari354@gmail.com,http://localhost:9000/me-in-loo/profile_pics/30.jpg,Author nothing sound event spend myself hold.,0
JamesPlascencia355@gmail.com,http://localhost:9000/me-in-loo/profile_pics/300.jpg,Deep same whether full but create soon.,0
RondaMchugh356@gmail.com,http://localhost:9000/me-in-loo/profile_pics/301.jpg,Draw think collection whole.,0
JonathonMulac357@gmail.com,http://localhost:9000/me-in-loo/profile_pics/302.jpg,Move someone would grow.,0
HelenParker358@gmail.com,http://localhost:9000/me-in-loo/profile_pics/303.jpg,None,0
JolineKnauer359@gmail.com,None,Cover four represent discover protect.,0
KathrynReese360@gmail.com,None,None,0
SamualRowan361@gmail.com,http://localhost:9000/me-in-loo/profile_pics/304.jpg,None,0
LarryBeckum362@gmail.com,http://localhost:9000/me-in-loo/profile_pics/305.jpg,None,0
JoshuaWood363@gmail.com,http://localhost:9000/me-in-loo/profile_pics/306.jpg,Piece up news have able.,0
JamieCarter364@gmail.com,http://localhost:9000/me-in-loo/profile_pics/307.jpg,None,0
KennyEmery365@gmail.com,None,Finish anything artist very hold recently.,0
JudyWorden366@gmail.com,http://localhost:9000/me-in-loo/profile_pics/308.jpg,On commercial out place style room produce most.,0
KirkSilverberg367@gmail.com,http://localhost:9000/me-in-loo/profile_pics/309.jpg,None,0
RogerLasalle368@gmail.com,None,Model let focus huge exist.,0
AngieJuarez369@gmail.com,http://localhost:9000/me-in-loo/profile_pics/31.jpg,Personal former throughout.,0
LoriMoistner370@gmail.com,http://localhost:9000/me-in-loo/profile_pics/310.jpg,Tree rule knowledge teacher.,0
KevinPeoples371@gmail.com,http://localhost:9000/me-in-loo/profile_pics/311.jpg,None,0
DavidDubay372@gmail.com,http://localhost:9000/me-in-loo/profile_pics/312.jpg,Current effort near while board personal.,0
ClarenceChapman373@gmail.com,None,Green may heart poor few radio interest.,0
AndreaMateo374@gmail.com,None,Born current hope condition.,0
FrancisDishner375@gmail.com,http://localhost:9000/me-in-loo/profile_pics/313.jpg,None,0
JimmyRoberts376@gmail.com,http://localhost:9000/me-in-loo/profile_pics/314.jpg,Side whole part indeed soon discover action.,0
BeverlyKamphoefner377@gmail.com,http://localhost:9000/me-in-loo/profile_pics/315.jpg,None,0
WilliamIgtanloc378@gmail.com,None,Director site bank arrive worry service old.,0
RubenJohnson379@gmail.com,None,Sing common available nothing.,0
HomerSpence380@gmail.com,http://localhost:9000/me-in-loo/profile_pics/316.jpg,None,0
JohnStallworth381@gmail.com,http://localhost:9000/me-in-loo/profile_pics/317.jpg,None,0
JamesHom382@gmail.com,http://localhost:9000/me-in-loo/profile_pics/318.jpg,Itself candidate grow believe.,0
JaneTruax383@gmail.com,http://localhost:9000/me-in-loo/profile_pics/319.jpg,Show sense cold indicate send yes reflect.,0
RochelleBroome384@gmail.com,None,None,0
MaryAnderson385@gmail.com,http://localhost:9000/me-in-loo/profile_pics/32.jpg,Wait even else into chair.,0
SteveHamlin386@gmail.com,http://localhost:9000/me-in-loo/profile_pics/320.jpg,None,0
WilsonHollan387@gmail.com,http://localhost:9000/me-in-loo/profile_pics/321.jpg,None,0
JoeStilwell388@gmail.com,http://localhost:9000/me-in-loo/profile_pics/322.jpg,Behind stand rock price important all cut.,0
JasonChevalier389@gmail.com,None,Key manager television nearly this single look piece.,0
ChristyWalters390@gmail.com,http://localhost:9000/me-in-loo/profile_pics/323.jpg,None,0
BerniceCollins391@gmail.com,None,None,0
HeatherTeel392@gmail.com,http://localhost:9000/me-in-loo/profile_pics/324.jpg,Turn travel really process decide picture structure as.,0
PaulEvans393@gmail.com,http://localhost:9000/me-in-loo/profile_pics/325.jpg,Machine pay rise season federal.,0
TimothyStarnes394@gmail.com,None,Direction young body order though.,0
LisaFelty395@gmail.com,http://localhost:9000/me-in-loo/profile_pics/326.jpg,Store couple exactly both similar allow.,0
JeremiahStevens396@gmail.com,http://localhost:9000/me-in-loo/profile_pics/327.jpg,None,0
MichealDegraffenreid397@gmail.com,http://localhost:9000/me-in-loo/profile_pics/328.jpg,Present when across arm them president.,0
GladysSantos398@gmail.com,None,None,0
MaryLaney399@gmail.com,http://localhost:9000/me-in-loo/profile_pics/329.jpg,Drug bad industry.,0
RoseStearns400@gmail.com,http://localhost:9000/me-in-loo/profile_pics/33.jpg,Debate feeling talk single term choice.,0
IvaPrine401@gmail.com,http://localhost:9000/me-in-loo/profile_pics/330.jpg,None,0
PeterTripp402@gmail.com,http://localhost:9000/me-in-loo/profile_pics/331.jpg,None,0
AlfredWaldrip403@gmail.com,http://localhost:9000/me-in-loo/profile_pics/332.jpg,None,0
CarolynDelbridge404@gmail.com,http://localhost:9000/me-in-loo/profile_pics/333.jpg,Onto guess watch different.,0
GeorgePopielarczyk405@gmail.com,None,Successful significant until away tend.,0
CherylDale406@gmail.com,http://localhost:9000/me-in-loo/profile_pics/334.jpg,Maintain former spend expert start find country.,0
MaryPeer407@gmail.com,None,Remain total likely such party.,0
KasieSteward408@gmail.com,http://localhost:9000/me-in-loo/profile_pics/335.jpg,Keep team skin style force trade.,0
TedAntone409@gmail.com,http://localhost:9000/me-in-loo/profile_pics/336.jpg,Course begin apply specific put international office individual.,0
KathySterner410@gmail.com,http://localhost:9000/me-in-loo/profile_pics/337.jpg,Light parent treat rather yard.,0
JohnNobles411@gmail.com,None,None,0
EdwardMartinez412@gmail.com,http://localhost:9000/me-in-loo/profile_pics/338.jpg,None,0
CharlieKnopf413@gmail.com,http://localhost:9000/me-in-loo/profile_pics/339.jpg,Could which big.,0
LarryDavis414@gmail.com,http://localhost:9000/me-in-loo/profile_pics/34.jpg,Prevent mind card number.,0
DianaKnepp415@gmail.com,http://localhost:9000/me-in-loo/profile_pics/340.jpg,Ready collection majority successful support ok.,0
ReginaldWoolem416@gmail.com,None,Policy town relate most buy.,0
EstherMerino417@gmail.com,http://localhost:9000/me-in-loo/profile_pics/341.jpg,None,0
JoseCardona418@gmail.com,None,Anyone performance up evidence mind party everyone against.,0
PatErebia419@gmail.com,http://localhost:9000/me-in-loo/profile_pics/342.jpg,Throw sit figure.,0
VanessaCowan420@gmail.com,http://localhost:9000/me-in-loo/profile_pics/343.jpg,Use right church executive pattern figure year talk.,0
RonnieMullins421@gmail.com,http://localhost:9000/me-in-loo/profile_pics/344.jpg,None,0
KathyVelasco422@gmail.com,None,Cell participant fight man pay building.,0
JessicaSmith423@gmail.com,None,Chance bar down light.,0
LindaThompson424@gmail.com,None,Economic third education notice campaign.,0
LoraParker425@gmail.com,None,Become situation perform charge water.,0
ArthurMiller426@gmail.com,None,None,0
EvelynMartin427@gmail.com,http://localhost:9000/me-in-loo/profile_pics/345.jpg,Seem how people another group compare.,0
ChristopherMeyer428@gmail.com,http://localhost:9000/me-in-loo/profile_pics/346.jpg,None,0
PaulCraft429@gmail.com,http://localhost:9000/me-in-loo/profile_pics/347.jpg,Civil example third speech walk least charge.,0
EdithLopez430@gmail.com,None,Tree himself central modern.,0
IsabelleDecker431@gmail.com,None,Level song top conference writer.,0
MichaelGreen432@gmail.com,http://localhost:9000/me-in-loo/profile_pics/348.jpg,Film he perform right discover field prepare discuss.,0
BenjaminHelmer433@gmail.com,http://localhost:9000/me-in-loo/profile_pics/349.jpg,None,0
UlyssesHarper434@gmail.com,http://localhost:9000/me-in-loo/profile_pics/35.jpg,Western the few college.,0
BeatrizEmmi435@gmail.com,http://localhost:9000/me-in-loo/profile_pics/350.jpg,Simple sort business kind.,0
RobertPenland436@gmail.com,None,Minute standard particular authority.,0
AngelaSaucedo437@gmail.com,http://localhost:9000/me-in-loo/profile_pics/351.jpg,Magazine star well growth.,0
RickyLira438@gmail.com,http://localhost:9000/me-in-loo/profile_pics/352.jpg,Camera final degree yet.,0
RichardPritchett439@gmail.com,http://localhost:9000/me-in-loo/profile_pics/353.jpg,About eye piece total.,0
WilliamStowman440@gmail.com,http://localhost:9000/me-in-loo/profile_pics/354.jpg,None,0
AmyVisitacion441@gmail.com,http://localhost:9000/me-in-loo/profile_pics/355.jpg,Certain though body.,0
MyrnaLegan442@gmail.com,None,None,0
JamesAlbright443@gmail.com,http://localhost:9000/me-in-loo/profile_pics/356.jpg,Good father you future specific tough opportunity.,0
JohnNelson444@gmail.com,None,None,0
GingerJohnson445@gmail.com,None,At debate war card low strong smile.,0
RuthBolstad446@gmail.com,None,Wonder cost necessary reduce.,0
CindyWard447@gmail.com,None,Voice degree trial follow space decide sell.,0
RobertCrays448@gmail.com,None,None,0
MilagrosLedwig449@gmail.com,http://localhost:9000/me-in-loo/profile_pics/357.jpg,Even PM body stand none.,0
RebeccaTellez450@gmail.com,http://localhost:9000/me-in-loo/profile_pics/358.jpg,None,0
DerekLara451@gmail.com,http://localhost:9000/me-in-loo/profile_pics/359.jpg,None,0
MarvinRoberts452@gmail.com,http://localhost:9000/me-in-loo/profile_pics/36.jpg,Skill century pass commercial range we.,0
MichaelLane453@gmail.com,None,Camera new fish production exist read clearly.,0
GregoryDavis454@gmail.com,None,None,0
SandraFrailey455@gmail.com,http://localhost:9000/me-in-loo/profile_pics/360.jpg,None,0
ClydeTaylor456@gmail.com,http://localhost:9000/me-in-loo/profile_pics/361.jpg,None,0
MichaelYoung457@gmail.com,http://localhost:9000/me-in-loo/profile_pics/362.jpg,None,0
ChesterHowell458@gmail.com,http://localhost:9000/me-in-loo/profile_pics/363.jpg,Analysis evening remember hospital late sort seat.,0
CharlesDowney459@gmail.com,None,Tree page across once station.,0
KathrynWhelan460@gmail.com,http://localhost:9000/me-in-loo/profile_pics/364.jpg,Pay support base arm protect put carry.,0
PedroDobbin461@gmail.com,http://localhost:9000/me-in-loo/profile_pics/365.jpg,Far take hold his us.,0
MikeCortes462@gmail.com,http://localhost:9000/me-in-loo/profile_pics/366.jpg,None,0
NapoleonPitt463@gmail.com,http://localhost:9000/me-in-loo/profile_pics/367.jpg,None,0
ErnestoTrollinger464@gmail.com,None,Reality leader second maybe new see.,0
SerenaRogers465@gmail.com,http://localhost:9000/me-in-loo/profile_pics/368.jpg,Listen size resource record build.,0
SharonWilliams466@gmail.com,None,None,0
RichardBowman467@gmail.com,http://localhost:9000/me-in-loo/profile_pics/369.jpg,None,0
ThomasJuarez468@gmail.com,http://localhost:9000/me-in-loo/profile_pics/37.jpg,May knowledge laugh north.,0
JoelMiller469@gmail.com,http://localhost:9000/me-in-loo/profile_pics/370.jpg,None,0
GregoryMakin470@gmail.com,None,Establish stage adult kind moment themselves international.,0
ClaudeAnderson471@gmail.com,http://localhost:9000/me-in-loo/profile_pics/371.jpg,None,0
KathrynNolan472@gmail.com,http://localhost:9000/me-in-loo/profile_pics/372.jpg,None,0
ElizabethSuh473@gmail.com,http://localhost:9000/me-in-loo/profile_pics/373.jpg,None,0
DeloresLofton474@gmail.com,http://localhost:9000/me-in-loo/profile_pics/374.jpg,None,0
RichardMelendez475@gmail.com,http://localhost:9000/me-in-loo/profile_pics/375.jpg,None,0
SandraBrunette476@gmail.com,http://localhost:9000/me-in-loo/profile_pics/376.jpg,Point will health travel management mean big.,0
ShannonGreen477@gmail.com,http://localhost:9000/me-in-loo/profile_pics/377.jpg,None,0
ShirleyCurran478@gmail.com,None,Travel nature drop sport really hair.,0
WadeJones479@gmail.com,None,None,0
PamelaConroy480@gmail.com,http://localhost:9000/me-in-loo/profile_pics/378.jpg,None,0
MelissaThurlow481@gmail.com,http://localhost:9000/me-in-loo/profile_pics/379.jpg,Them wish learn edge body nature.,0
MaryKuykendall482@gmail.com,http://localhost:9000/me-in-loo/profile_pics/38.jpg,They stop beyond former ground center notice.,0
StevenEmanuel483@gmail.com,None,None,0
TimothyNavarro484@gmail.com,None,True light fall generation.,0
VeronicaParker485@gmail.com,http://localhost:9000/me-in-loo/profile_pics/380.jpg,Condition away make deep father suddenly try new.,0
CharlesLyles486@gmail.com,None,Offer conference about accept manage Mrs at.,0
AnthonyBailey487@gmail.com,http://localhost:9000/me-in-loo/profile_pics/381.jpg,Central choose interesting fine for.,0
WillieSchupp488@gmail.com,http://localhost:9000/me-in-loo/profile_pics/382.jpg,Computer common those social your.,0
MichellePolanski489@gmail.com,http://localhost:9000/me-in-loo/profile_pics/383.jpg,History time person large explain fill.,0
AvaMclellan490@gmail.com,http://localhost:9000/me-in-loo/profile_pics/384.jpg,Play hard could hope.,0
DonnieTotten491@gmail.com,http://localhost:9000/me-in-loo/profile_pics/385.jpg,Break painting budget Congress care medical.,0
LenoraLocke492@gmail.com,http://localhost:9000/me-in-loo/profile_pics/386.jpg,Involve his seven strong decade control.,0
AnnieCoates493@gmail.com,None,None,0
EdwardLawrence494@gmail.com,http://localhost:9000/me-in-loo/profile_pics/387.jpg,Exactly show drop we.,0
EvanLira495@gmail.com,None,Eight family charge most successful modern despite seat.,0
JennineDay496@gmail.com,None,Day protect war win.,0
JudyMasters497@gmail.com,None,None,0
AnthonyLee498@gmail.com,http://localhost:9000/me-in-loo/profile_pics/388.jpg,Police every management difficult individual when past.,0
JessicaTaylor499@gmail.com,http://localhost:9000/me-in-loo/profile_pics/389.jpg,None,0
AntonioBilodeau500@gmail.com,http://localhost:9000/me-in-loo/profile_pics/39.jpg,None,0
AmyPersaud501@gmail.com,http://localhost:9000/me-in-loo/profile_pics/390.jpg,None,0
CatherineOmara502@gmail.com,http://localhost:9000/me-in-loo/profile_pics/391.jpg,None,0
VioletFields503@gmail.com,http://localhost:9000/me-in-loo/profile_pics/392.jpg,Sound experience sit analysis.,0
BarbaraHumphrey504@gmail.com,None,None,0
RobertaTalmadge505@gmail.com,http://localhost:9000/me-in-loo/profile_pics/393.jpg,None,0
MichelleMartinez506@gmail.com,http://localhost:9000/me-in-loo/profile_pics/394.jpg,Usually camera onto safe whatever third.,0
CharlesPicton507@gmail.com,None,Sell performance upon suddenly.,0
DorothyRitter508@gmail.com,http://localhost:9000/me-in-loo/profile_pics/395.jpg,Reach establish right standard daughter Mr impact.,0
JasonMorales509@gmail.com,http://localhost:9000/me-in-loo/profile_pics/396.jpg,Adult challenge care break.,0
AnnaJones510@gmail.com,None,Country dream fire.,0
ConcepcionWalsh511@gmail.com,http://localhost:9000/me-in-loo/profile_pics/397.jpg,Place score kitchen daughter American.,0
CarlosFuller512@gmail.com,http://localhost:9000/me-in-loo/profile_pics/398.jpg,Another indicate occur with second seek treat.,0
EarnestMeyer513@gmail.com,http://localhost:9000/me-in-loo/profile_pics/399.jpg,Late certainly itself better.,0
StephanieSainz514@gmail.com,None,None,0
ThomasNelsen515@gmail.com,None,None,0
BarbaraColon516@gmail.com,http://localhost:9000/me-in-loo/profile_pics/4.jpg,Magazine part way unit test new sing.,0
TimLoughran517@gmail.com,http://localhost:9000/me-in-loo/profile_pics/40.jpg,Walk attention expect similar must glass.,0
CarlGreen518@gmail.com,None,None,0
ChristopherLafontant519@gmail.com,http://localhost:9000/me-in-loo/profile_pics/400.jpg,None,0
FlorenceColace520@gmail.com,None,Thank peace attack every can public that candidate.,0
CharityFehrenbach521@gmail.com,None,Design specific language feel charge.,0
NestorCole522@gmail.com,http://localhost:9000/me-in-loo/profile_pics/401.jpg,Rich manage book catch which minute age enjoy.,0
CarriePhillips523@gmail.com,http://localhost:9000/me-in-loo/profile_pics/402.jpg,None,0
StevenWarren524@gmail.com,None,Action agreement admit long maybe number.,0
DavidTullis525@gmail.com,http://localhost:9000/me-in-loo/profile_pics/403.jpg,Miss social respond choice person clearly.,0
MarionMartin526@gmail.com,http://localhost:9000/me-in-loo/profile_pics/404.jpg,Spring rest but in television music.,0
AnnaEatmon527@gmail.com,http://localhost:9000/me-in-loo/profile_pics/405.jpg,Goal it capital responsibility soon organization car.,0
PhilipSur528@gmail.com,http://localhost:9000/me-in-loo/profile_pics/406.jpg,None,0
ChristineSerrano529@gmail.com,http://localhost:9000/me-in-loo/profile_pics/407.jpg,Wish wife growth ready these.,0
KyraCarlin530@gmail.com,None,None,0
DorothyAniello531@gmail.com,None,Theory structure well major.,0
RosemaryNichols532@gmail.com,http://localhost:9000/me-in-loo/profile_pics/408.jpg,Learn film particularly cover second way.,0
FlorenceMcdaniel533@gmail.com,http://localhost:9000/me-in-loo/profile_pics/409.jpg,None,0
MaryHancock534@gmail.com,http://localhost:9000/me-in-loo/profile_pics/41.jpg,Level campaign understand lay.,0
FrankHawkins535@gmail.com,http://localhost:9000/me-in-loo/profile_pics/410.jpg,Various good identify property claim moment.,0
GeorgeArmijo536@gmail.com,http://localhost:9000/me-in-loo/profile_pics/411.jpg,Early energy pick return.,0
RodneyPinder537@gmail.com,None,None,0
ElizabethFreeman538@gmail.com,http://localhost:9000/me-in-loo/profile_pics/412.jpg,Rule alone name program fight.,0
JamesBerry539@gmail.com,http://localhost:9000/me-in-loo/profile_pics/413.jpg,Rock floor minute media rule it discuss return.,0
RandyBeierle540@gmail.com,http://localhost:9000/me-in-loo/profile_pics/414.jpg,But decision air air strategy again.,0
MichaelStrawser541@gmail.com,http://localhost:9000/me-in-loo/profile_pics/415.jpg,Camera the then certainly federal world me however.,0
ElizabethGonzalez542@gmail.com,http://localhost:9000/me-in-loo/profile_pics/416.jpg,Phone five piece son.,0
GeorgeGrice543@gmail.com,http://localhost:9000/me-in-loo/profile_pics/417.jpg,None,0
GeneMullins544@gmail.com,http://localhost:9000/me-in-loo/profile_pics/418.jpg,None,0
GloriaHernandez545@gmail.com,http://localhost:9000/me-in-loo/profile_pics/419.jpg,Weight significant feeling deep.,0
MichaelFloyd546@gmail.com,http://localhost:9000/me-in-loo/profile_pics/42.jpg,His reduce article rich.,0
MaryWitt547@gmail.com,http://localhost:9000/me-in-loo/profile_pics/420.jpg,None,0
MariaSanchez548@gmail.com,http://localhost:9000/me-in-loo/profile_pics/421.jpg,Design direction look town party.,0
BenjaminMckinley549@gmail.com,http://localhost:9000/me-in-loo/profile_pics/422.jpg,Pick edge pass dinner discover produce leader.,0
AntoinetteFagan550@gmail.com,None,Thousand same research maybe pull.,0
JeanineMiller551@gmail.com,http://localhost:9000/me-in-loo/profile_pics/423.jpg,Require official rule billion feel whom buy.,0
RonnieFord552@gmail.com,http://localhost:9000/me-in-loo/profile_pics/424.jpg,None,0
RosetteStewart553@gmail.com,http://localhost:9000/me-in-loo/profile_pics/425.jpg,Seek mention four religious bag mouth.,0
StellaPosey554@gmail.com,http://localhost:9000/me-in-loo/profile_pics/426.jpg,Surface quite seat lot behavior movement.,0
JohnBradford555@gmail.com,None,Mention center act too.,0
SusanFerguson556@gmail.com,None,Experience voice learn hard.,0
CarlAndersen557@gmail.com,None,Break method training finally garden.,0
TimothyTurner558@gmail.com,http://localhost:9000/me-in-loo/profile_pics/427.jpg,Happy when red test his.,0
JesusOpie559@gmail.com,None,None,0
MicheleLane560@gmail.com,http://localhost:9000/me-in-loo/profile_pics/428.jpg,Kind support few together president scientist happen.,0
BenjaminCatlin561@gmail.com,http://localhost:9000/me-in-loo/profile_pics/429.jpg,Past water structure environment.,0
CharlesHines562@gmail.com,http://localhost:9000/me-in-loo/profile_pics/43.jpg,Investment contain role until.,0
MichaelDewinter563@gmail.com,http://localhost:9000/me-in-loo/profile_pics/430.jpg,Play surface add age without.,0
RosaRivera564@gmail.com,http://localhost:9000/me-in-loo/profile_pics/431.jpg,None,0
MichaelAldrich565@gmail.com,None,Control foot present money.,0
EusebioHoward566@gmail.com,http://localhost:9000/me-in-loo/profile_pics/432.jpg,Free draw per fight role peace.,0
EugeneSoileau567@gmail.com,None,Father support information.,0
JosephLee568@gmail.com,http://localhost:9000/me-in-loo/profile_pics/433.jpg,Hospital president establish argue.,0
IanCurtis569@gmail.com,http://localhost:9000/me-in-loo/profile_pics/434.jpg,None,0
JamesAdler570@gmail.com,http://localhost:9000/me-in-loo/profile_pics/435.jpg,Somebody hundred doctor fly seat your nearly democratic.,0
RositaBooth571@gmail.com,http://localhost:9000/me-in-loo/profile_pics/436.jpg,None,0
EricMoon572@gmail.com,http://localhost:9000/me-in-loo/profile_pics/437.jpg,Time world join.,0
FrancesVarghese573@gmail.com,http://localhost:9000/me-in-loo/profile_pics/438.jpg,Usually lawyer reach later surface interest Democrat.,0
JohnGable574@gmail.com,http://localhost:9000/me-in-loo/profile_pics/439.jpg,Reach here any none foot affect.,0
IreneMajors575@gmail.com,http://localhost:9000/me-in-loo/profile_pics/44.jpg,None,0
NancyWollenburg576@gmail.com,http://localhost:9000/me-in-loo/profile_pics/440.jpg,Decide environmental interesting once.,0
EileenHummel577@gmail.com,http://localhost:9000/me-in-loo/profile_pics/441.jpg,Word memory half music wind.,0
ChristopherCox578@gmail.com,http://localhost:9000/me-in-loo/profile_pics/442.jpg,Because skill send brother apply mission.,0
HazelBeltran579@gmail.com,http://localhost:9000/me-in-loo/profile_pics/443.jpg,None,0
BerthaBooth580@gmail.com,http://localhost:9000/me-in-loo/profile_pics/444.jpg,City fill arrive ready notice.,0
MaryGilmore581@gmail.com,http://localhost:9000/me-in-loo/profile_pics/445.jpg,Natural clearly remain yourself consider.,0
TaliaLundstrom582@gmail.com,http://localhost:9000/me-in-loo/profile_pics/446.jpg,None,0
DiannaHartley583@gmail.com,None,New for people wide live do security.,0
LauraDoyle584@gmail.com,http://localhost:9000/me-in-loo/profile_pics/447.jpg,Agency pretty measure goal.,0
ChristopherEdwards585@gmail.com,http://localhost:9000/me-in-loo/profile_pics/448.jpg,None,0
WillieAlvarez586@gmail.com,None,Million never hope gas.,0
MyraHines587@gmail.com,None,Race color deal make just himself.,0
BobbyKing588@gmail.com,http://localhost:9000/me-in-loo/profile_pics/449.jpg,Sell until data yet baby.,0
HaroldHarvin589@gmail.com,http://localhost:9000/me-in-loo/profile_pics/45.jpg,None,0
BrandyDilbeck590@gmail.com,None,Describe between loss goal sea seem Republican.,0
KennethMottillo591@gmail.com,http://localhost:9000/me-in-loo/profile_pics/450.jpg,Southern west hit take where perform.,0
SusanLee592@gmail.com,http://localhost:9000/me-in-loo/profile_pics/451.jpg,None,0
MelissaSpies593@gmail.com,http://localhost:9000/me-in-loo/profile_pics/452.jpg,Shake environment stand what show.,0
KatyStocker594@gmail.com,http://localhost:9000/me-in-loo/profile_pics/453.jpg,Republican inside continue break where may.,0
HelenTimko595@gmail.com,http://localhost:9000/me-in-loo/profile_pics/454.jpg,Quite tough dark wear.,0
KimJohnson596@gmail.com,None,None,0
AdaCameron597@gmail.com,http://localhost:9000/me-in-loo/profile_pics/455.jpg,Whose past we line.,0
JaniceRodgers598@gmail.com,http://localhost:9000/me-in-loo/profile_pics/456.jpg,Better trade should claim pretty.,0
RonaldMercier599@gmail.com,http://localhost:9000/me-in-loo/profile_pics/457.jpg,None,0
BarbaraCrawford600@gmail.com,http://localhost:9000/me-in-loo/profile_pics/458.jpg,None,0
MaryHannan601@gmail.com,http://localhost:9000/me-in-loo/profile_pics/459.jpg,Art less his effect.,0
NellieSimpson602@gmail.com,http://localhost:9000/me-in-loo/profile_pics/46.jpg,Physical already learn address edge lead pretty.,0
MorganJaye603@gmail.com,None,Everything very management add.,0
DixieHopkins604@gmail.com,None,Child red international school answer.,0
LesterAyala605@gmail.com,http://localhost:9000/me-in-loo/profile_pics/460.jpg,None,0
MichaelScruggs606@gmail.com,http://localhost:9000/me-in-loo/profile_pics/461.jpg,Who performance finish education investment south send.,0
JulieCrespo607@gmail.com,None,None,0
SandraFrancis608@gmail.com,http://localhost:9000/me-in-loo/profile_pics/462.jpg,Oil research base produce artist yet public.,0
CarriHyman609@gmail.com,http://localhost:9000/me-in-loo/profile_pics/463.jpg,Use best heart whose generation cold collection attention.,0
LeonBabin610@gmail.com,None,Central well take too lose describe candidate hair.,0
ImogeneHaffner611@gmail.com,None,Box scene laugh from believe.,0
MarshaDeruyter612@gmail.com,http://localhost:9000/me-in-loo/profile_pics/464.jpg,None,0
EvelynGannon613@gmail.com,http://localhost:9000/me-in-loo/profile_pics/465.jpg,Offer maybe meet bit.,0
DanHull614@gmail.com,http://localhost:9000/me-in-loo/profile_pics/466.jpg,None,0
KennithBoggs615@gmail.com,http://localhost:9000/me-in-loo/profile_pics/467.jpg,None,0
JohnLebo616@gmail.com,http://localhost:9000/me-in-loo/profile_pics/468.jpg,Later let pull case.,0
NicoleFlanagan617@gmail.com,http://localhost:9000/me-in-loo/profile_pics/469.jpg,Poor chair treatment hold.,0
CathyNeal618@gmail.com,http://localhost:9000/me-in-loo/profile_pics/47.jpg,Modern move head represent since who.,0
StephenMansour619@gmail.com,http://localhost:9000/me-in-loo/profile_pics/470.jpg,Whole lawyer daughter store study.,0
WalterHolmes620@gmail.com,None,Win turn with above goal idea same.,0
LorenBenson621@gmail.com,http://localhost:9000/me-in-loo/profile_pics/471.jpg,None,0
ElizabethGordon622@gmail.com,http://localhost:9000/me-in-loo/profile_pics/472.jpg,None,0
ChereeRamirez623@gmail.com,http://localhost:9000/me-in-loo/profile_pics/473.jpg,Reflect he ago year forward.,0
RobertaCyr624@gmail.com,None,Hear expert decision lawyer out.,0
WilliamKasper625@gmail.com,None,Room interest economy someone.,0
EdnaBakley626@gmail.com,http://localhost:9000/me-in-loo/profile_pics/474.jpg,None,0
MaricelaAustin627@gmail.com,http://localhost:9000/me-in-loo/profile_pics/475.jpg,Rule reality happen probably address threat.,0
RoyDickinson628@gmail.com,http://localhost:9000/me-in-loo/profile_pics/476.jpg,None,0
KimCopeland629@gmail.com,http://localhost:9000/me-in-loo/profile_pics/477.jpg,Series condition according product town.,0
CaroleTaylor630@gmail.com,None,None,0
HerbertFerrier631@gmail.com,None,None,0
LauraMarquez632@gmail.com,None,Store party surface story lot capital.,0
LorettaGabriel633@gmail.com,None,Center whether model.,0
LanaDickson634@gmail.com,http://localhost:9000/me-in-loo/profile_pics/478.jpg,Relationship service you human mean another tree.,0
AnnabelleRogers635@gmail.com,http://localhost:9000/me-in-loo/profile_pics/479.jpg,None,0
GloriaMclellan636@gmail.com,None,These attention defense would.,0
PaulNichols637@gmail.com,http://localhost:9000/me-in-loo/profile_pics/48.jpg,Democrat his same pattern professor common Democrat.,0
MichaelBryce638@gmail.com,None,Keep environment front tree point yet shake.,0
VeronicaHolmes639@gmail.com,http://localhost:9000/me-in-loo/profile_pics/480.jpg,None,0
GlennGibson640@gmail.com,http://localhost:9000/me-in-loo/profile_pics/481.jpg,Receive commercial street ahead magazine better many however.,0
ScottBell641@gmail.com,http://localhost:9000/me-in-loo/profile_pics/482.jpg,Improve soon take artist international sort.,0
DeniseSikora642@gmail.com,None,None,0
ThomasBeattie643@gmail.com,http://localhost:9000/me-in-loo/profile_pics/483.jpg,Health way central draw.,0
BarbaraGarcia644@gmail.com,None,Conference over also charge leg laugh realize.,0
MaryWarren645@gmail.com,http://localhost:9000/me-in-loo/profile_pics/484.jpg,None,0
GregorioThao646@gmail.com,http://localhost:9000/me-in-loo/profile_pics/485.jpg,None,0
GaryLovett647@gmail.com,None,Budget term positive option serious.,0
GladysBowman648@gmail.com,http://localhost:9000/me-in-loo/profile_pics/486.jpg,Whether perform list I spring mother draw spring.,0
CatherinePearson649@gmail.com,http://localhost:9000/me-in-loo/profile_pics/487.jpg,None,0
StevenNeeley650@gmail.com,None,Any church hear get century ten.,0
JohnYi651@gmail.com,http://localhost:9000/me-in-loo/profile_pics/488.jpg,Game stay little three southern but keep near.,0
MichaelJohnson652@gmail.com,http://localhost:9000/me-in-loo/profile_pics/489.jpg,Risk national pass several home figure administration.,0
WilliamRodriguez653@gmail.com,http://localhost:9000/me-in-loo/profile_pics/49.jpg,Situation interesting local really though hand.,0
GriselWahlman654@gmail.com,http://localhost:9000/me-in-loo/profile_pics/490.jpg,Building require start professional.,0
BrandonBulson655@gmail.com,http://localhost:9000/me-in-loo/profile_pics/491.jpg,None,0
DeniseMorrison656@gmail.com,http://localhost:9000/me-in-loo/profile_pics/492.jpg,Take natural sit once will couple walk.,0
IreneShin657@gmail.com,http://localhost:9000/me-in-loo/profile_pics/493.jpg,Whom ago all ask analysis front free.,0
AnneAsher658@gmail.com,None,President explain town during owner.,0
DavidTsutsumi659@gmail.com,http://localhost:9000/me-in-loo/profile_pics/494.jpg,Very look vote tell edge.,0
SusieDuncan660@gmail.com,http://localhost:9000/me-in-loo/profile_pics/495.jpg,Professor develop candidate respond behavior available.,0
MarilynBurell661@gmail.com,http://localhost:9000/me-in-loo/profile_pics/496.jpg,None,0
GarryMckeown662@gmail.com,http://localhost:9000/me-in-loo/profile_pics/497.jpg,None,0
TamaraCardwell663@gmail.com,http://localhost:9000/me-in-loo/profile_pics/498.jpg,They maybe consider husband let.,0
DavidWallace664@gmail.com,http://localhost:9000/me-in-loo/profile_pics/499.jpg,Direction whole family whatever who Republican statement.,0
HollyGloor665@gmail.com,http://localhost:9000/me-in-loo/profile_pics/5.jpg,None,0
JamieAlvarez666@gmail.com,http://localhost:9000/me-in-loo/profile_pics/50.jpg,Worry huge gas finally.,0
CharlotteHurt667@gmail.com,None,Already sister memory commercial.,0
MichaelStevens668@gmail.com,http://localhost:9000/me-in-loo/profile_pics/500.jpg,Seek give PM size.,0
EricSeals669@gmail.com,http://localhost:9000/me-in-loo/profile_pics/501.jpg,Never red something able night foreign.,0
WalterPlumb670@gmail.com,http://localhost:9000/me-in-loo/profile_pics/502.jpg,None,0
DianneWarnack671@gmail.com,http://localhost:9000/me-in-loo/profile_pics/503.jpg,Argue black camera television southern.,0
SarahLane672@gmail.com,None,Impact someone mother matter billion popular.,0
DonaldFaris673@gmail.com,http://localhost:9000/me-in-loo/profile_pics/504.jpg,Thought could player cut effect.,0
JeffreyRodriquez674@gmail.com,None,Yes later moment reality save.,0
BarbaraJerkins675@gmail.com,http://localhost:9000/me-in-loo/profile_pics/505.jpg,North word none trial.,0
LenoreDoss676@gmail.com,http://localhost:9000/me-in-loo/profile_pics/506.jpg,None,0
BradleyLebeau677@gmail.com,http://localhost:9000/me-in-loo/profile_pics/507.jpg,Serve order improve age through.,0
MaryCase678@gmail.com,http://localhost:9000/me-in-loo/profile_pics/508.jpg,None,0
CharlesCleland679@gmail.com,http://localhost:9000/me-in-loo/profile_pics/509.jpg,Hear religious trade hotel full.,0
StevenBowers680@gmail.com,None,None,0
BrendaMuriel681@gmail.com,None,Finish hand scientist science.,0
MiguelGreen682@gmail.com,http://localhost:9000/me-in-loo/profile_pics/51.jpg,None,0
CarrieAlejandro683@gmail.com,http://localhost:9000/me-in-loo/profile_pics/510.jpg,Body popular project factor study audience style these.,0
RuthVargas684@gmail.com,None,See through Republican.,0
AddieMeyer685@gmail.com,http://localhost:9000/me-in-loo/profile_pics/511.jpg,None,0
MichaelMcrae686@gmail.com,http://localhost:9000/me-in-loo/profile_pics/512.jpg,Area west size interesting.,0
ThomasMckenney687@gmail.com,None,Option himself development any letter animal let.,0
LuisKnoll688@gmail.com,http://localhost:9000/me-in-loo/profile_pics/513.jpg,Question either social person would.,0
EleanorMarquez689@gmail.com,None,Million pay available image thought season score particular.,0
MorrisMayhew690@gmail.com,None,Tax those collection answer like woman help.,0
JohnRaymond691@gmail.com,None,Idea television hear be detail participant her.,0
WillieLiriano692@gmail.com,http://localhost:9000/me-in-loo/profile_pics/514.jpg,None,0
JosephArmstrong693@gmail.com,None,Month professor worry gun society type minute.,0
PabloChristopher694@gmail.com,None,Require early central appear green power.,0
EvaBoivin695@gmail.com,http://localhost:9000/me-in-loo/profile_pics/515.jpg,None,0
LisaRoudebush696@gmail.com,None,Should head wind structure fill.,0
LeonardMccurdy697@gmail.com,http://localhost:9000/me-in-loo/profile_pics/516.jpg,Allow office culture same mind.,0
AndreaMoore698@gmail.com,http://localhost:9000/me-in-loo/profile_pics/517.jpg,Government off size all reflect cultural.,0
CarlosConverse699@gmail.com,http://localhost:9000/me-in-loo/profile_pics/518.jpg,Life field well six.,0
WilliamGlatt700@gmail.com,http://localhost:9000/me-in-loo/profile_pics/519.jpg,None,0
RonaldMcgough701@gmail.com,http://localhost:9000/me-in-loo/profile_pics/52.jpg,Police put decade us fear drive low.,0
WilliamHonn702@gmail.com,http://localhost:9000/me-in-loo/profile_pics/520.jpg,None,0
SallyClark703@gmail.com,http://localhost:9000/me-in-loo/profile_pics/521.jpg,None,0
WillisSimmons704@gmail.com,http://localhost:9000/me-in-loo/profile_pics/522.jpg,Road apply several want.,0
RonaldOberpriller705@gmail.com,http://localhost:9000/me-in-loo/profile_pics/523.jpg,None,0
ErnestinaJohnson706@gmail.com,http://localhost:9000/me-in-loo/profile_pics/524.jpg,Thousand manage wall forget.,0
TammyBudd707@gmail.com,http://localhost:9000/me-in-loo/profile_pics/525.jpg,Factor let west report account.,0
VirginiaMartin708@gmail.com,None,He sense treatment within PM people provide.,0
SusanFrasher709@gmail.com,http://localhost:9000/me-in-loo/profile_pics/526.jpg,None,0
RosaGarcia710@gmail.com,None,Minute measure him join either worry.,0
LorettaCastillo711@gmail.com,http://localhost:9000/me-in-loo/profile_pics/527.jpg,None,0
LillianWicker712@gmail.com,None,Then support art visit.,0
RyanBurdette713@gmail.com,None,None,0
WhitneyGarcia714@gmail.com,http://localhost:9000/me-in-loo/profile_pics/528.jpg,Member material citizen education consumer.,0
StanleyJensen715@gmail.com,None,None,0
RobertStoltenberg716@gmail.com,http://localhost:9000/me-in-loo/profile_pics/529.jpg,Article leave with whole your close.,0
JessicaTracy717@gmail.com,None,Range need back organization line.,0
ThomasKennedy718@gmail.com,None,I good recognize condition together material along.,0
AngelinaSell719@gmail.com,http://localhost:9000/me-in-loo/profile_pics/53.jpg,Guess offer contain above full foot.,0
WilliamPullen720@gmail.com,http://localhost:9000/me-in-loo/profile_pics/530.jpg,None,0
MaryCarideo721@gmail.com,None,None,0
FrancesBarringer722@gmail.com,http://localhost:9000/me-in-loo/profile_pics/531.jpg,Moment management research head age.,0
KarenSullivan723@gmail.com,http://localhost:9000/me-in-loo/profile_pics/532.jpg,Summer own indicate life major.,0
ClaudiaSwoope724@gmail.com,http://localhost:9000/me-in-loo/profile_pics/533.jpg,Need lay recently compare indeed world baby.,0
JackCorbin725@gmail.com,None,None,0
FrankWilson726@gmail.com,None,Place democratic eight understand.,0
GeraldMathews727@gmail.com,None,Happen play mention focus.,0
JohnEubanks728@gmail.com,http://localhost:9000/me-in-loo/profile_pics/534.jpg,None,0
JoanneGilbert729@gmail.com,http://localhost:9000/me-in-loo/profile_pics/535.jpg,Suddenly most board break yet always.,0
FlorentinoSnyder730@gmail.com,http://localhost:9000/me-in-loo/profile_pics/536.jpg,Common mouth teacher care time.,0
LisaDonaldson731@gmail.com,http://localhost:9000/me-in-loo/profile_pics/537.jpg,Old live school who memory over.,0
JoyceNavarro732@gmail.com,http://localhost:9000/me-in-loo/profile_pics/538.jpg,None,0
LucilleThompson733@gmail.com,None,I gun hour push onto ready myself.,0
AlfonsoRose734@gmail.com,None,None,0
JoyceStraker735@gmail.com,http://localhost:9000/me-in-loo/profile_pics/539.jpg,People write people.,0
TheodoreMcguire736@gmail.com,None,None,0
JamesAlves737@gmail.com,http://localhost:9000/me-in-loo/profile_pics/54.jpg,None,0
MyraGarcia738@gmail.com,None,Section former stand or music.,0
MichaelChristiano739@gmail.com,None,Moment current traditional end offer rise.,0
JosephJohnson740@gmail.com,http://localhost:9000/me-in-loo/profile_pics/540.jpg,How save kid.,0
MargaretTallent741@gmail.com,http://localhost:9000/me-in-loo/profile_pics/541.jpg,Decade form right account course include foot.,0
TylerMickelson742@gmail.com,None,None,0
ShirleyLucas743@gmail.com,http://localhost:9000/me-in-loo/profile_pics/542.jpg,There hotel store.,0
PhilipFoster744@gmail.com,None,Science close enjoy value people follow.,0
GregNorwood745@gmail.com,None,Should part paper challenge.,0
JamesPerrotta746@gmail.com,None,Themselves teacher remain food record.,0
CaseyRose747@gmail.com,http://localhost:9000/me-in-loo/profile_pics/543.jpg,None,0
NatalieNichols748@gmail.com,http://localhost:9000/me-in-loo/profile_pics/544.jpg,Perform raise interest son customer boy rule my.,0
JohnTawwater749@gmail.com,http://localhost:9000/me-in-loo/profile_pics/545.jpg,None,0
HenryMcdaniel750@gmail.com,http://localhost:9000/me-in-loo/profile_pics/546.jpg,Human individual grow whether month respond factor.,0
AnnaHarris751@gmail.com,http://localhost:9000/me-in-loo/profile_pics/547.jpg,Hour role represent.,0
JasonReyes752@gmail.com,http://localhost:9000/me-in-loo/profile_pics/548.jpg,None,0
MarcWilliams753@gmail.com,http://localhost:9000/me-in-loo/profile_pics/549.jpg,During water girl night would.,0
DianaLeach754@gmail.com,http://localhost:9000/me-in-loo/profile_pics/55.jpg,Minute any nearly week decision executive training might.,0
MikeColon755@gmail.com,None,None,0
PatriciaLarson756@gmail.com,None,Bill rate rise discover family property.,0
CharlesHowzell757@gmail.com,http://localhost:9000/me-in-loo/profile_pics/550.jpg,Such section area.,0
JohnWhittemore758@gmail.com,http://localhost:9000/me-in-loo/profile_pics/551.jpg,Discuss unit owner pretty available.,0
JohnVazquez759@gmail.com,None,Onto develop sport especially summer degree.,0
JasonThompson760@gmail.com,http://localhost:9000/me-in-loo/profile_pics/552.jpg,Market security organization material financial.,0
JoseFraser761@gmail.com,http://localhost:9000/me-in-loo/profile_pics/553.jpg,Shoulder control prepare shoulder.,0
EmersonWhiting762@gmail.com,http://localhost:9000/me-in-loo/profile_pics/554.jpg,Often least every success.,0
ScottCopeland763@gmail.com,None,Medical property spend consumer wind trial act.,0
RosaDonnell764@gmail.com,http://localhost:9000/me-in-loo/profile_pics/555.jpg,Address beat without.,0
WilliamDuarte765@gmail.com,http://localhost:9000/me-in-loo/profile_pics/556.jpg,Position stop order argue.,0
ClydeRiggs766@gmail.com,http://localhost:9000/me-in-loo/profile_pics/557.jpg,None,0
KevinHuckins767@gmail.com,http://localhost:9000/me-in-loo/profile_pics/558.jpg,Rather successful contain.,0
JohnStevens768@gmail.com,None,Technology everyone nothing size significant candidate sell.,0
GretchenMatskin769@gmail.com,http://localhost:9000/me-in-loo/profile_pics/559.jpg,Try movie improve his everything bill charge.,0
AnitaRipley770@gmail.com,http://localhost:9000/me-in-loo/profile_pics/56.jpg,Mention civil technology view possible culture.,0
PaulTyree771@gmail.com,http://localhost:9000/me-in-loo/profile_pics/560.jpg,None,0
EmmyPendergrass772@gmail.com,http://localhost:9000/me-in-loo/profile_pics/561.jpg,Over method goal woman war agent.,0
CaroleLema773@gmail.com,http://localhost:9000/me-in-loo/profile_pics/562.jpg,Deep religious catch near.,0
JeanneKennedy774@gmail.com,http://localhost:9000/me-in-loo/profile_pics/563.jpg,None,0
LorenzoRomero775@gmail.com,None,Not far per science its matter member state.,0
LindaDavis776@gmail.com,http://localhost:9000/me-in-loo/profile_pics/564.jpg,Toward color explain strong office situation kind.,0
ErickRichardson777@gmail.com,http://localhost:9000/me-in-loo/profile_pics/565.jpg,Like young raise pay case sense evidence.,0
MatthewNatale778@gmail.com,http://localhost:9000/me-in-loo/profile_pics/566.jpg,None,0
JulieHirt779@gmail.com,http://localhost:9000/me-in-loo/profile_pics/567.jpg,Road commercial just serve.,0
ValerieParks780@gmail.com,None,Rock anyone fly for.,0
JeremyBenevides781@gmail.com,None,Leave per nothing especially open yeah along policy.,0
KristinReed782@gmail.com,None,Off together fall keep why step.,0
SondraHutchens783@gmail.com,http://localhost:9000/me-in-loo/profile_pics/568.jpg,Start person information talk deep.,0
JohnCamacho784@gmail.com,http://localhost:9000/me-in-loo/profile_pics/569.jpg,None,0
CliffordIsrael785@gmail.com,None,Tax where central live month remember body.,0
JohnTudela786@gmail.com,http://localhost:9000/me-in-loo/profile_pics/57.jpg,None,0
VictorMiller787@gmail.com,http://localhost:9000/me-in-loo/profile_pics/570.jpg,None,0
StephanieBowens788@gmail.com,http://localhost:9000/me-in-loo/profile_pics/571.jpg,Tell police Democrat.,0
KatherineKim789@gmail.com,http://localhost:9000/me-in-loo/profile_pics/572.jpg,Call unit response evidence.,0
AndreaBanks790@gmail.com,http://localhost:9000/me-in-loo/profile_pics/573.jpg,None,0
NomaSawyer791@gmail.com,http://localhost:9000/me-in-loo/profile_pics/574.jpg,None,0
LeonorCreel792@gmail.com,http://localhost:9000/me-in-loo/profile_pics/575.jpg,Nor customer break specific happen sit.,0
AnneCravens793@gmail.com,None,None,0
LillianSosa794@gmail.com,None,Thousand artist special minute spend.,0
NancyStonge795@gmail.com,None,Window area simple my design risk onto have.,0
KimberlyLopez796@gmail.com,None,None,0
RobertReinhold797@gmail.com,http://localhost:9000/me-in-loo/profile_pics/576.jpg,Serve interest now paper.,0
JenniferRandall798@gmail.com,http://localhost:9000/me-in-loo/profile_pics/577.jpg,None,0
AllenWyatt799@gmail.com,None,None,0
CeliaHubbard800@gmail.com,http://localhost:9000/me-in-loo/profile_pics/578.jpg,None,0
LucilleBrown801@gmail.com,http://localhost:9000/me-in-loo/profile_pics/579.jpg,None,0
RodneyChisholm802@gmail.com,http://localhost:9000/me-in-loo/profile_pics/58.jpg,None,0
AliceGoodman803@gmail.com,None,Down feel education everybody peace.,0
CallieBurkins804@gmail.com,None,Pick party think.,0
RonaldWright805@gmail.com,None,Commercial one I seven control onto.,0
SusanVolpe806@gmail.com,http://localhost:9000/me-in-loo/profile_pics/580.jpg,Start law young resource.,0
RichardLincourt807@gmail.com,http://localhost:9000/me-in-loo/profile_pics/581.jpg,Student official forward player.,0
JacquelineTurner808@gmail.com,None,Music drug sense school great from table current.,0
RebeckaConover809@gmail.com,http://localhost:9000/me-in-loo/profile_pics/582.jpg,Hit now blood treatment hour produce.,0
StephenBandy810@gmail.com,None,Difficult stock will upon.,0
LethaSherwood811@gmail.com,None,Wide medical focus lawyer power full action.,0
RoseWillis812@gmail.com,http://localhost:9000/me-in-loo/profile_pics/583.jpg,Along enjoy situation shake color once.,0
GustavoShay813@gmail.com,http://localhost:9000/me-in-loo/profile_pics/584.jpg,Subject yes career huge billion very customer road.,0
ArleneMiller814@gmail.com,http://localhost:9000/me-in-loo/profile_pics/585.jpg,Interview food reason mother training statement.,0
TonyAtkins815@gmail.com,http://localhost:9000/me-in-loo/profile_pics/586.jpg,National opportunity practice call clearly decade.,0
KarenMoore816@gmail.com,http://localhost:9000/me-in-loo/profile_pics/587.jpg,Reveal send learn big doctor.,0
PrestonShackett817@gmail.com,http://localhost:9000/me-in-loo/profile_pics/588.jpg,None,0
JoyceMaki818@gmail.com,http://localhost:9000/me-in-loo/profile_pics/589.jpg,Staff hit agreement prove.,0
CharleneLarue819@gmail.com,http://localhost:9000/me-in-loo/profile_pics/59.jpg,Apply single administration soldier suddenly group.,0
CrystalBrox820@gmail.com,None,Deep stuff I full big order.,0
EdnaDiaz821@gmail.com,http://localhost:9000/me-in-loo/profile_pics/590.jpg,Of election action.,0
ErnestRogers822@gmail.com,http://localhost:9000/me-in-loo/profile_pics/591.jpg,Third usually realize else suggest hundred.,0
FranciscoRichins823@gmail.com,None,Responsibility then election write laugh area lawyer.,0
PaulZimmerman824@gmail.com,http://localhost:9000/me-in-loo/profile_pics/592.jpg,Various thank look police newspaper exist next.,0
JosephSmith825@gmail.com,http://localhost:9000/me-in-loo/profile_pics/593.jpg,None,0
JuneMinor826@gmail.com,None,None,0
AnnieCanales827@gmail.com,http://localhost:9000/me-in-loo/profile_pics/594.jpg,Face soon such owner down look.,0
LelaCohn828@gmail.com,None,North against personal general exist.,0
ErnestMoran829@gmail.com,http://localhost:9000/me-in-loo/profile_pics/595.jpg,Everything foot service air organization.,0
LavernaStahly830@gmail.com,None,Join term expert market model change traditional.,0
RhodaJohnson831@gmail.com,http://localhost:9000/me-in-loo/profile_pics/596.jpg,Leader admit perform rate.,0
BarbaraTownsand832@gmail.com,http://localhost:9000/me-in-loo/profile_pics/597.jpg,None,0
CarlMansfield833@gmail.com,http://localhost:9000/me-in-loo/profile_pics/598.jpg,None,0
LauraThornton834@gmail.com,http://localhost:9000/me-in-loo/profile_pics/599.jpg,Four manager she sign hear college.,0
MichaelWest835@gmail.com,http://localhost:9000/me-in-loo/profile_pics/6.jpg,Shake several physical training great media.,0
BarryLawrence836@gmail.com,http://localhost:9000/me-in-loo/profile_pics/60.jpg,None,0
JohnBiel837@gmail.com,http://localhost:9000/me-in-loo/profile_pics/600.jpg,None,0
GlennFoley838@gmail.com,http://localhost:9000/me-in-loo/profile_pics/601.jpg,To eat agency despite fact.,0
LisaReese839@gmail.com,http://localhost:9000/me-in-loo/profile_pics/602.jpg,None,0
RobertSchneider840@gmail.com,http://localhost:9000/me-in-loo/profile_pics/603.jpg,Want quite scientist bit process in attorney.,0
RobertShort841@gmail.com,http://localhost:9000/me-in-loo/profile_pics/604.jpg,Say power entire arm Mr own responsibility inside.,0
JeremySandstrom842@gmail.com,http://localhost:9000/me-in-loo/profile_pics/605.jpg,Mother science make too black energy actually son.,0
MarieSeger843@gmail.com,http://localhost:9000/me-in-loo/profile_pics/606.jpg,Edge democratic minute threat office.,0
KristinaParker844@gmail.com,http://localhost:9000/me-in-loo/profile_pics/607.jpg,None,0
JenniferIler845@gmail.com,http://localhost:9000/me-in-loo/profile_pics/608.jpg,None,0
ElizabethColston846@gmail.com,None,Increase TV room Mr behind to memory.,0
CarolynAnderson847@gmail.com,http://localhost:9000/me-in-loo/profile_pics/609.jpg,None,0
PaulDay848@gmail.com,http://localhost:9000/me-in-loo/profile_pics/61.jpg,Region meeting lawyer resource alone quickly.,0
JosephAnderson849@gmail.com,None,Vote story actually later good fire.,0
BarbaraKelsey850@gmail.com,http://localhost:9000/me-in-loo/profile_pics/610.jpg,Carry list rich when develop mean hold much.,0
EugeneWarnes851@gmail.com,None,American keep simply pressure.,0
BrandonKeyser852@gmail.com,None,Require risk chance heavy network.,0
ThelmaBlank853@gmail.com,http://localhost:9000/me-in-loo/profile_pics/611.jpg,Treat ahead candidate.,0
JaneBoggess854@gmail.com,http://localhost:9000/me-in-loo/profile_pics/612.jpg,None,0
JuliaSpeas855@gmail.com,http://localhost:9000/me-in-loo/profile_pics/613.jpg,Very all sign rather community pick.,0
BrandonDouglas856@gmail.com,http://localhost:9000/me-in-loo/profile_pics/614.jpg,None,0
CharlesPolanco857@gmail.com,None,None,0
TerranceShumock858@gmail.com,http://localhost:9000/me-in-loo/profile_pics/615.jpg,None,0
RodneyRodriguez859@gmail.com,http://localhost:9000/me-in-loo/profile_pics/616.jpg,Feel interview them them film avoid organization.,0
DavidTurner860@gmail.com,http://localhost:9000/me-in-loo/profile_pics/617.jpg,Matter civil son measure picture.,0
PeterJones861@gmail.com,http://localhost:9000/me-in-loo/profile_pics/618.jpg,None,0
ShanelSanford862@gmail.com,http://localhost:9000/me-in-loo/profile_pics/619.jpg,Dark could ok eye hundred doctor population.,0
GustavoManfred863@gmail.com,None,President cause American unit.,0
SalvatoreAsher864@gmail.com,http://localhost:9000/me-in-loo/profile_pics/62.jpg,None,0
RobertMartin865@gmail.com,http://localhost:9000/me-in-loo/profile_pics/620.jpg,Behind usually agency finish put.,0
IanFrench866@gmail.com,http://localhost:9000/me-in-loo/profile_pics/621.jpg,Respond seem identify old author fly.,0
RoyAsuncion867@gmail.com,http://localhost:9000/me-in-loo/profile_pics/622.jpg,None,0
KennethTrue868@gmail.com,http://localhost:9000/me-in-loo/profile_pics/623.jpg,Prepare figure law and outside present.,0
VirginiaEnyart869@gmail.com,http://localhost:9000/me-in-loo/profile_pics/624.jpg,Impact form ten rather contain relate eat interesting.,0
GeorgetteNunemaker870@gmail.com,http://localhost:9000/me-in-loo/profile_pics/625.jpg,Try himself everybody security cell capital truth.,0
JenniferHairston871@gmail.com,http://localhost:9000/me-in-loo/profile_pics/626.jpg,Attorney understand work glass reflect none deep.,0
GabrielLane872@gmail.com,None,None,0
MarySimpson873@gmail.com,None,None,0
NoreenMason874@gmail.com,None,Important almost free wrong employee develop baby.,0
MarkCorchado875@gmail.com,None,None,0
JoseRoy876@gmail.com,http://localhost:9000/me-in-loo/profile_pics/627.jpg,Pick edge tax could good clear himself.,0
RebeccaRivas877@gmail.com,http://localhost:9000/me-in-loo/profile_pics/628.jpg,None,0
JamesNash878@gmail.com,None,None,0
ShermanHenry879@gmail.com,http://localhost:9000/me-in-loo/profile_pics/629.jpg,Network trouble challenge able article so difficult beat.,0
CraigOmoyosi880@gmail.com,http://localhost:9000/me-in-loo/profile_pics/63.jpg,None,0
DavidGriffin881@gmail.com,None,None,0
GiovanniWardinsky882@gmail.com,http://localhost:9000/me-in-loo/profile_pics/630.jpg,To black discuss.,0
CorneliaCarnes883@gmail.com,None,Travel today seven lose amount thousand.,0
TamaraMartinez884@gmail.com,http://localhost:9000/me-in-loo/profile_pics/631.jpg,None,0
JeanCapizzi885@gmail.com,http://localhost:9000/me-in-loo/profile_pics/632.jpg,Article officer clearly practice main lead.,0
MarinaHaynes886@gmail.com,None,See Democrat participant PM direction sport need.,0
ElizabethMoreland887@gmail.com,None,Put eight image rule church.,0
GeorgeStapleton888@gmail.com,None,Control not health read wind.,0
DonnaBoyd889@gmail.com,http://localhost:9000/me-in-loo/profile_pics/633.jpg,Shoulder few party store field meet beat.,0
LouisBathe890@gmail.com,None,Do worker she sense but only.,0
TaraCahn891@gmail.com,http://localhost:9000/me-in-loo/profile_pics/634.jpg,For popular summer purpose both student want.,0
ThomasRacki892@gmail.com,None,Significant sister whole generation movie out give effect.,0
DavidCalloway893@gmail.com,http://localhost:9000/me-in-loo/profile_pics/635.jpg,Usually contain back according effort full.,0
ChristinaPigue894@gmail.com,http://localhost:9000/me-in-loo/profile_pics/636.jpg,Analysis offer step common.,0
LeonardJaimes895@gmail.com,None,Maintain health difficult.,0
MaureenYoung896@gmail.com,http://localhost:9000/me-in-loo/profile_pics/637.jpg,None,0
SarahWilliamson897@gmail.com,http://localhost:9000/me-in-loo/profile_pics/638.jpg,Add economic trade child ball.,0
EllisJeter898@gmail.com,http://localhost:9000/me-in-loo/profile_pics/639.jpg,Could society reality watch hear.,0
AshleyGutierrez899@gmail.com,http://localhost:9000/me-in-loo/profile_pics/64.jpg,Partner establish TV issue history animal.,0
JasonMartin900@gmail.com,http://localhost:9000/me-in-loo/profile_pics/640.jpg,Bag finally door.,0
TaniaSmith901@gmail.com,None,Above visit reduce parent.,0
LulaOwens902@gmail.com,http://localhost:9000/me-in-loo/profile_pics/641.jpg,Factor open food for fear article near.,0
KeithFerguson903@gmail.com,http://localhost:9000/me-in-loo/profile_pics/642.jpg,Tend somebody discussion various take.,0
CharlotteGeorge904@gmail.com,http://localhost:9000/me-in-loo/profile_pics/643.jpg,None,0
RobertDragich905@gmail.com,http://localhost:9000/me-in-loo/profile_pics/644.jpg,None,0
DarleneZebell906@gmail.com,http://localhost:9000/me-in-loo/profile_pics/645.jpg,Control form four event.,0
MichaelDavis907@gmail.com,None,None,0
IdaGreen908@gmail.com,http://localhost:9000/me-in-loo/profile_pics/646.jpg,Will information left born work second affect.,0
ErinSipes909@gmail.com,http://localhost:9000/me-in-loo/profile_pics/647.jpg,None,0
AnthonyShelton910@gmail.com,http://localhost:9000/me-in-loo/profile_pics/648.jpg,Change democratic up during.,0
LoraApana911@gmail.com,http://localhost:9000/me-in-loo/profile_pics/649.jpg,View black technology may member.,0
MildredSpearin912@gmail.com,None,Support significant stay occur whether project.,0
AnthonyBallard913@gmail.com,None,Hotel teach relationship other finish campaign two.,0
RuthWilliams914@gmail.com,None,Society street listen person talk throughout administration.,0
RichardMorris915@gmail.com,http://localhost:9000/me-in-loo/profile_pics/65.jpg,Size sort grow your writer performance.,0
TimCohen916@gmail.com,http://localhost:9000/me-in-loo/profile_pics/650.jpg,None,0
DarrellFerguson917@gmail.com,http://localhost:9000/me-in-loo/profile_pics/651.jpg,None,0
JosephMoseley918@gmail.com,http://localhost:9000/me-in-loo/profile_pics/652.jpg,None,0
JosephSaxton919@gmail.com,http://localhost:9000/me-in-loo/profile_pics/653.jpg,Surface she environment final.,0
SimonBalas920@gmail.com,http://localhost:9000/me-in-loo/profile_pics/654.jpg,Goal thank later entire.,0
MickeyCarter921@gmail.com,http://localhost:9000/me-in-loo/profile_pics/655.jpg,Small matter weight arrive.,0
PeggyParrigan922@gmail.com,http://localhost:9000/me-in-loo/profile_pics/656.jpg,None,0
VivianZenger923@gmail.com,http://localhost:9000/me-in-loo/profile_pics/657.jpg,Employee recognize president claim class three.,0
EarlGarcia924@gmail.com,http://localhost:9000/me-in-loo/profile_pics/658.jpg,Region land style house do customer.,0
JoannEdwards925@gmail.com,http://localhost:9000/me-in-loo/profile_pics/659.jpg,Amount different many whom director soon feel.,0
MarilynFranciscus926@gmail.com,http://localhost:9000/me-in-loo/profile_pics/66.jpg,None,0
SilviaMelius927@gmail.com,None,Compare voice series western threat pretty almost.,0
MarcusKutch928@gmail.com,None,Carry carry option fact nice.,0
MichaelPresley929@gmail.com,http://localhost:9000/me-in-loo/profile_pics/660.jpg,Speak very huge spend health left find.,0
JanetCraig930@gmail.com,http://localhost:9000/me-in-loo/profile_pics/661.jpg,Many conference travel cultural modern best.,0
JohnRiehl931@gmail.com,http://localhost:9000/me-in-loo/profile_pics/662.jpg,These force relationship ask behavior attack.,0
GillianGreer932@gmail.com,None,Expert civil expert around production by participant.,0
DavidAmato933@gmail.com,None,None,0
PatrickMichaels934@gmail.com,None,Whom break rather.,0
GenevieveEspinoza935@gmail.com,http://localhost:9000/me-in-loo/profile_pics/663.jpg,None,0
DerekWhite936@gmail.com,None,None,0
HeatherAllen937@gmail.com,http://localhost:9000/me-in-loo/profile_pics/664.jpg,Green politics country indeed.,0
RossSmith938@gmail.com,http://localhost:9000/me-in-loo/profile_pics/665.jpg,Station since return soon.,0
JenniferNeville939@gmail.com,http://localhost:9000/me-in-loo/profile_pics/666.jpg,Research international stock face.,0
VanceBussey940@gmail.com,None,None,0
CharlesMccauley941@gmail.com,http://localhost:9000/me-in-loo/profile_pics/667.jpg,Run compare face indicate.,0
DerekTorres942@gmail.com,http://localhost:9000/me-in-loo/profile_pics/668.jpg,Take foot into return somebody business.,0
MarleneTaylor943@gmail.com,http://localhost:9000/me-in-loo/profile_pics/669.jpg,Parent us ahead page class learn.,0
AlbertaHernandez944@gmail.com,http://localhost:9000/me-in-loo/profile_pics/67.jpg,None,0
LinaTownsend945@gmail.com,None,Once teacher option girl.,0
CharlesBlackmon946@gmail.com,http://localhost:9000/me-in-loo/profile_pics/670.jpg,Operation fact throw power doctor.,0
HowardGreen947@gmail.com,http://localhost:9000/me-in-loo/profile_pics/671.jpg,None,0
JamesHellyer948@gmail.com,None,None,0
CharlesChoi949@gmail.com,None,None,0
WalterCameron950@gmail.com,http://localhost:9000/me-in-loo/profile_pics/672.jpg,Your section property toward ground character.,0
JohnnyPeachey951@gmail.com,http://localhost:9000/me-in-loo/profile_pics/673.jpg,Without likely low doctor.,0
DaveForeman952@gmail.com,http://localhost:9000/me-in-loo/profile_pics/674.jpg,Mrs just fine hour last however practice away.,0
KelvinVegetabile953@gmail.com,None,None,0
TaylorKiehl954@gmail.com,http://localhost:9000/me-in-loo/profile_pics/675.jpg,Hour century summer plan meet thank threat.,0
MarvinHoneycutt955@gmail.com,http://localhost:9000/me-in-loo/profile_pics/676.jpg,Seat try among budget.,0
ElizabethFortner956@gmail.com,None,Down stock guess position.,0
JamesKelly957@gmail.com,None,President page something anyone reflect much whole.,0
TeresaFloyd958@gmail.com,http://localhost:9000/me-in-loo/profile_pics/677.jpg,Note service rather million entire glass.,0
LauraKing959@gmail.com,None,Material think company big yeah along.,0
AnthonyTrudeau960@gmail.com,http://localhost:9000/me-in-loo/profile_pics/678.jpg,Top heart nice weight style.,0
ChristineKahill961@gmail.com,None,None,0
SamSebek962@gmail.com,http://localhost:9000/me-in-loo/profile_pics/679.jpg,None,0
BenjaminMorado963@gmail.com,None,Time federal free program.,0
JeanBiller964@gmail.com,http://localhost:9000/me-in-loo/profile_pics/68.jpg,Get may occur street conference third important.,0
TrentonHooper965@gmail.com,None,None,0
JacobMildren966@gmail.com,http://localhost:9000/me-in-loo/profile_pics/680.jpg,Although of stop even speak.,0
ShirleyOtt967@gmail.com,None,Whatever other for describe world organization edge.,0
DarleneSmith968@gmail.com,http://localhost:9000/me-in-loo/profile_pics/681.jpg,Realize course activity customer individual.,0
KathleenMoore969@gmail.com,None,None,0
MikeAndrews970@gmail.com,http://localhost:9000/me-in-loo/profile_pics/682.jpg,None,0
MatthewHoward971@gmail.com,None,Enter choose quality girl.,0
EvelynHaider972@gmail.com,http://localhost:9000/me-in-loo/profile_pics/683.jpg,None,0
TinaSchreiber973@gmail.com,http://localhost:9000/me-in-loo/profile_pics/684.jpg,Environment former some difficult easy candidate.,0
LoraFebres974@gmail.com,http://localhost:9000/me-in-loo/profile_pics/685.jpg,Necessary cultural full training development learn young.,0
DeanaGallagher975@gmail.com,http://localhost:9000/me-in-loo/profile_pics/686.jpg,His animal yes friend piece attorney family machine.,0
DenisBarrette976@gmail.com,http://localhost:9000/me-in-loo/profile_pics/687.jpg,None,0
CindyBryan977@gmail.com,http://localhost:9000/me-in-loo/profile_pics/688.jpg,None,0
JamesHarris978@gmail.com,http://localhost:9000/me-in-loo/profile_pics/689.jpg,None,0
OpheliaKinyon979@gmail.com,None,None,0
MichelleHaynes980@gmail.com,http://localhost:9000/me-in-loo/profile_pics/69.jpg,Series civil stand smile other key.,0
EmmaLanford981@gmail.com,http://localhost:9000/me-in-loo/profile_pics/690.jpg,None,0
BruceWilliams982@gmail.com,None,West station environmental how.,0
VictoriaBoardman983@gmail.com,http://localhost:9000/me-in-loo/profile_pics/691.jpg,Detail drop pick write management sport TV.,0
PatriciaBest984@gmail.com,http://localhost:9000/me-in-loo/profile_pics/692.jpg,Interest effort fact total.,0
JeanetteStarrick985@gmail.com,http://localhost:9000/me-in-loo/profile_pics/693.jpg,Money name more friend.,0
SarahJones986@gmail.com,http://localhost:9000/me-in-loo/profile_pics/694.jpg,Let consumer perform next listen everything.,0
JonathanCopeland987@gmail.com,http://localhost:9000/me-in-loo/profile_pics/695.jpg,None,0
CliffordGray988@gmail.com,http://localhost:9000/me-in-loo/profile_pics/696.jpg,Day old end network.,0
FrancoiseClinton989@gmail.com,None,None,0
VeraBarron990@gmail.com,http://localhost:9000/me-in-loo/profile_pics/697.jpg,Situation morning specific.,0
LorettaVargas991@gmail.com,None,None,0
JodyKappel992@gmail.com,http://localhost:9000/me-in-loo/profile_pics/698.jpg,None,0
DungLeonard993@gmail.com,None,None,0
JohnnyNichols994@gmail.com,http://localhost:9000/me-in-loo/profile_pics/699.jpg,Contain happen most we business small agency.,0
MinnieGoad995@gmail.com,http://localhost:9000/me-in-loo/profile_pics/7.jpg,None,0
JulieMelanson996@gmail.com,None,None,0
GenevaBrown997@gmail.com,http://localhost:9000/me-in-loo/profile_pics/70.jpg,Happen record happy body her nothing.,0
JeannetteBaldwin998@gmail.com,http://localhost:9000/me-in-loo/profile_pics/700.jpg,Last reflect majority expect center.,0
AnnLaporta999@gmail.com,None,Real final area indicate test.,0
KarlJohnson1000@gmail.com,http://localhost:9000/me-in-loo/profile_pics/701.jpg,Care recognize production nor for as full.,0
