OswaldoCassette1@gmail.com,sLaqiwJUZn
EdithShepherd2@gmail.com,MXsOAZiyrk
LeandroCopes3@gmail.com,rJUfxXNrbd
KelseyBlouin4@gmail.com,fxnfYzPCej
JosephCross5@gmail.com,dHYWIvEIRG
RamiroHale6@gmail.com,LeLMCyQfoj
BarryLee7@gmail.com,DThjMEkpfP
BettyAdams8@gmail.com,izDLnmjiuq
MabelJohnson9@gmail.com,vxZQUGUzfy
EdwardGonzalez10@gmail.com,HGREEIGbfS
WilliamShinn11@gmail.com,JbgApqTNrT
StanleySvoboda12@gmail.com,kXBQOSQgfp
OrvillePeters13@gmail.com,LjinzxvfiO
HarryDelgadillo14@gmail.com,jbrRDcfBVL
TimothyMee15@gmail.com,SHAnyWfmSx
JillChard16@gmail.com,SoGEPqpybZ
TraciePage17@gmail.com,gqtgFSQzPa
ShirleyJemerson18@gmail.com,vLZumiyIZN
RuthLuther19@gmail.com,NWopuUMLQL
BenjaminOlson20@gmail.com,mQPqqMWjGm
JosephElkins21@gmail.com,zASIgBwNgL
GlennWilliams22@gmail.com,QVQFACFxsk
LesterStrom23@gmail.com,gozmQnuGyW
LaurineMoody24@gmail.com,NAsOttumEm
JuliaGans25@gmail.com,yMPnIfPxiG
TerryFernandez26@gmail.com,CLKLILJhEA
AltaFortune27@gmail.com,JMeeOxGhlh
CatherineCope28@gmail.com,PKJFtVYRWw
WilliePlazza29@gmail.com,CnVBvLpboD
ChristopherBrown30@gmail.com,opQfJbMWgw
ChelseaWashington31@gmail.com,lfpibTbtKU
CatherineBorders32@gmail.com,AyQZKcZcvu
JenniferPepper33@gmail.com,LiOwZlLnCr
ArnoldClark34@gmail.com,xVuXZBSWMg
MaxieThroneberry35@gmail.com,iDyLNBUgLO
AnitraRobertson36@gmail.com,HGsznzXPwo
RoscoeCallahan37@gmail.com,aehgxLUaqP
CassieMeachen38@gmail.com,ohDecisGqL
TishaAhearn39@gmail.com,SBhkrgadLO
FeliciaRoswell40@gmail.com,oopznTjSaC
JohnMurray41@gmail.com,rKTatefxiH
ArmandoKnox42@gmail.com,zUOvpgaZst
LoreenCook43@gmail.com,FGfwzbgVde
LawandaGray44@gmail.com,AMzYBLpBKC
CodyWhitford45@gmail.com,JoVAXRxUQV
JaniceAnderson46@gmail.com,cmlmqqBona
WilliamMoseley47@gmail.com,bxYsbwKpDQ
ShawndaRobinson48@gmail.com,OrRgWHxsMg
RickeyRieger49@gmail.com,LdDIubaOtf
GayCarpenter50@gmail.com,HcQduHeWsU
RichardHurst51@gmail.com,xqckfoEoVn
ChristineReed52@gmail.com,bBfGmjQCOC
CharlesRamirez53@gmail.com,XXvjOqEPfP
AdaPerez54@gmail.com,xpvoydGTGb
LindaRodriguez55@gmail.com,FUECdLzXBV
ElidaButler56@gmail.com,lyveFCzXhf
RolandTolston57@gmail.com,UWkjyLWRQz
SharonHanes58@gmail.com,uXRjMCLsWQ
JaniceGluck59@gmail.com,aQBHumYrLu
JoMiller60@gmail.com,fzcvjLbgFk
DinoElder61@gmail.com,MpfUBPgKbY
FlorineTorres62@gmail.com,fzuiIFPAKQ
EvanBoone63@gmail.com,MDTbRnygRw
EvelineCoyne64@gmail.com,ovfvJSbUxL
DanielKidd65@gmail.com,RNoITnSiIA
NancyMiller66@gmail.com,XamsifMOXq
JoseZavala67@gmail.com,BBGTONzTtl
ReginaldNadler68@gmail.com,KwCEqBmteQ
OlinBakker69@gmail.com,nTrtGJLLqn
RalphSanchez70@gmail.com,ZxCzZsCudJ
DeanSmith71@gmail.com,pWQJVARkGt
FayeWojcik72@gmail.com,VsZkTRBTJK
PameliaVelez73@gmail.com,DvMSRODhmW
GinaFloyd74@gmail.com,ycKXmYDDVg
EstherWilliams75@gmail.com,gsmUyycDOG
MichaelShedden76@gmail.com,qRwpUqHwJd
LillyPaul77@gmail.com,njwqNCYMIK
TinaOrdway78@gmail.com,bWqnnyMSAD
ShelbyRoss79@gmail.com,gctIWJnyLh
PeggyWinters80@gmail.com,AjwoiCOfky
SandraBoldosser81@gmail.com,nQKcueWoCA
MatthewPless82@gmail.com,zXvuTSIHxf
CherylFoster83@gmail.com,iMCOCkRrIU
BettyProk84@gmail.com,PggeWvFrAF
SamuelJones85@gmail.com,nnLajVAIHv
SandyHoskins86@gmail.com,FHRYOKNcDn
SueLaymon87@gmail.com,sRlMPePqqK
DorisDonnelly88@gmail.com,omRREWcFXh
DarrenBison89@gmail.com,ihCDxKLDbc
JohnBangert90@gmail.com,ZhnAGXvwxz
BerthaSaylor91@gmail.com,LJeyXLlran
TracyWorley92@gmail.com,OYfAJkTTXF
LawrenceFord93@gmail.com,uzfHyECkfz
RichardLambert94@gmail.com,JchpWhoMXO
JesseHood95@gmail.com,FkFPxxIacX
MacOller96@gmail.com,rykfDqevkk
JohnGerow97@gmail.com,oOKKIhplVh
CarlosBoldenow98@gmail.com,GiGmYEwQTK
MichaelDeleon99@gmail.com,xhLDKnqQeQ
TeriDoucette100@gmail.com,vxUFMrmcVc
MarcoStrayer101@gmail.com,CcHXiiupGQ
PaulWalker102@gmail.com,ZGiMIboBrK
JohnTibbetts103@gmail.com,pMBSzEYAVI
AntonioOneil104@gmail.com,cEiLGpWaWe
JamesDunlap105@gmail.com,ynlEutJQCq
PeggyYu106@gmail.com,cTpiIeEnnc
JohnCecil107@gmail.com,FmzCTTGydd
BriannaBlackburn108@gmail.com,OBZFzjLOMq
RonJackson109@gmail.com,zGbELnJlOc
QuinnCarstens110@gmail.com,GhNDMUTBJR
VincentLeonard111@gmail.com,HWSpCiuHae
EdithJose112@gmail.com,onpRBtuKgG
RolandStone113@gmail.com,sDXsPzPxWF
PatriciaCowdery114@gmail.com,gJSGzDjHgu
NicoleBright115@gmail.com,sWHNeaVjqA
NicholasNelson116@gmail.com,tBTMfCfzcd
CharlesKane117@gmail.com,xkndrXlOUW
DianeHancock118@gmail.com,IzOPkBybii
LillianBriggs119@gmail.com,CFqJTdnsMS
JamesTomes120@gmail.com,fBgSsEVgXf
LucioByerly121@gmail.com,FSCuDTJUDf
LouannPerez122@gmail.com,mcJaaTXWyM
MarieCalloway123@gmail.com,vBEWoFXxbP
MaryLewis124@gmail.com,PsRNlJQsTm
RobertShaw125@gmail.com,IWyXtdDVDo
DominiqueNielsen126@gmail.com,GnElMGpfTV
GregToddy127@gmail.com,jvKnTNLXht
ArthurLancaster128@gmail.com,DjljfuCkge
RebeccaEanni129@gmail.com,KNwqxXbIzb
TheresaVerrastro130@gmail.com,HOaHTfoYHz
ArturoLaprade131@gmail.com,pXOegKUpzV
EdgarTaylor132@gmail.com,bSXJUnHLmN
ChristopherBenjamin133@gmail.com,SCuPXpYuvs
AnitaSaunders134@gmail.com,RDlpOTLwnr
GeorgeMckinney135@gmail.com,mEOEvvuJIG
JosephParker136@gmail.com,lKCWzMyqUP
WilliamFuller137@gmail.com,qeESCqzGXg
KarenWestmark138@gmail.com,bhCjBlsCit
MinnieDorland139@gmail.com,YuCjUhOoZR
StevieRashid140@gmail.com,JEqsIVGhEt
LorrainePenney141@gmail.com,IvORNtTyJf
RandyHogan142@gmail.com,OXSBREhtsH
KathrynMains143@gmail.com,jhKRnYLDKG
RonnieJones144@gmail.com,DGnRpMnley
SusanaJackson145@gmail.com,YkczGdrpVD
BarbaraMartins146@gmail.com,EiRncDVksm
JackPerez147@gmail.com,yiqRVLRzxr
VernaCook148@gmail.com,gBkBlnfjkl
PeggyLopez149@gmail.com,luwFzZKROy
CarolMilhorn150@gmail.com,lVdkwKbJBi
MatthewCalhoun151@gmail.com,RKmJKoPzyp
WoodrowRuiz152@gmail.com,EEHqTuSBYs
EmilioWilliams153@gmail.com,MNlKvnNZbh
HeatherMilligan154@gmail.com,OQSRNHOJAg
HeatherBeal155@gmail.com,XshqKvFUcZ
ChristinaTakaki156@gmail.com,EmdgTuAzMd
DamonVoorhees157@gmail.com,dnZAWvNjke
KathleenHuffman158@gmail.com,ouJEmJgXHC
HowardKantrowitz159@gmail.com,qxrUqcNgHN
KevinLangel160@gmail.com,dMRWSBVUuF
MichaelMann161@gmail.com,CtmgyRzCFT
RobertRinker162@gmail.com,wxjXpeekqG
DerekWilliams163@gmail.com,aOOftZcfNt
JavierRumsey164@gmail.com,cMGJxleDTZ
PierreShearer165@gmail.com,oaLvNtfmcS
WilliamGaroutte166@gmail.com,nsiPJVJjWJ
CarlPierce167@gmail.com,rgMYMHXKeW
StephenRojas168@gmail.com,nUWVRLptbn
SofiaPrice169@gmail.com,ifggWbwbvs
FreddiePuccia170@gmail.com,LOlOPBdiQe
EsterShutts171@gmail.com,aLvXSjnrja
DeborahHeck172@gmail.com,PxnQEVSEPm
GaryBarr173@gmail.com,buijaThuea
GloriaHamilton174@gmail.com,tXnkGUHvoq
PatriciaRivera175@gmail.com,gJPlnDdVoO
RandyRoss176@gmail.com,zxBGXaKeXd
GildaAaron177@gmail.com,YaaRThKejq
FelixPettway178@gmail.com,EWBGndsUpv
EllenWordlaw179@gmail.com,zNevkZyhWx
ColleenWylam180@gmail.com,aiPdsDiqzo
DoraTalerico181@gmail.com,zLfEBOznkv
QuintonSantana182@gmail.com,GdlkgVwjCK
LyleChapmon183@gmail.com,kmqLRDSLNa
RandyHumber184@gmail.com,GsXcMHorMw
JohnJohnson185@gmail.com,ZUKMXwwFpo
EvanShorey186@gmail.com,lFLHFtDXPy
BrianRodriques187@gmail.com,aWgskJezUi
HermanCruz188@gmail.com,gIBdieqPrb
ToddSturdivant189@gmail.com,AVmetWCuQa
LouiseBeeson190@gmail.com,MZJhdFBpvA
CharlesKnutson191@gmail.com,EbnMVutSLg
KennethWhite192@gmail.com,IitNmOAVnH
KenSummers193@gmail.com,QUbHsWFbYV
JamesLockwood194@gmail.com,BjzxabiPDg
HenryCain195@gmail.com,uEaCrglvJT
ElenaValentine196@gmail.com,XzTruVYDGe
WilliamHudson197@gmail.com,kItwfZuhQQ
TheodoreBlanks198@gmail.com,mHDVesZRjq
AlbertGentry199@gmail.com,jnrsaOjTbs
LillianWilder200@gmail.com,bUslpckRJP
AndrewPaulding201@gmail.com,GkfBymaPPv
MelindaNeeley202@gmail.com,IIHGsLffpP
DexterMarino203@gmail.com,GZuUVtuesA
MaryShuman204@gmail.com,pXnrZBpXSo
AlicePearson205@gmail.com,zpxdAtYBUT
LindaNash206@gmail.com,tOzvpGqJXA
RuthClift207@gmail.com,spICiAjHHq
AgnesTrogdon208@gmail.com,kgwlldvhLW
GeorginaCox209@gmail.com,rPCUhopjPI
ArthurBuchholtz210@gmail.com,LTImaqcPtR
PhyllisLiptrot211@gmail.com,rNvIIVCwER
MargaretRobinson212@gmail.com,uJJYyXPMqP
ShantayOtt213@gmail.com,sGhwlEHRTt
ErnestHelland214@gmail.com,jrWEUlxbPB
DonaldSpeedy215@gmail.com,sjSdDipZvc
JerryChaddock216@gmail.com,oEmAcniNqc
WilliamBethel217@gmail.com,iJUAOTTerm
WalterRamsey218@gmail.com,mRUpOTjsQl
WilliamWoodard219@gmail.com,PyDYugIxWR
NoblePhillips220@gmail.com,WghmMfOdGh
PeterAnger221@gmail.com,imYoCCFstv
SpencerSeymour222@gmail.com,acxeBegZHe
CorrinaMorrison223@gmail.com,OjKrshJDiJ
LynnConklin224@gmail.com,mbucagQVga
ChristopherPrahm225@gmail.com,cGiZcUCfhL
HaroldMeier226@gmail.com,nmMNFadGEX
NancyBuddington227@gmail.com,VOIoKrHNjq
PhyllisNeal228@gmail.com,QQBNqOOaNu
CynthiaMorrow229@gmail.com,qfIysGBtao
EdgarAnderson230@gmail.com,tnppsSGydP
BeatrizFinn231@gmail.com,GmhPBFOlev
AlBrock232@gmail.com,iQDZBLkVIb
DavidMiller233@gmail.com,TKagDsoVDi
JohnFalcon234@gmail.com,KjLtRMLiuB
ShantelHarmon235@gmail.com,RHbyUxTbZS
CharleyDavis236@gmail.com,tlLImRmZLF
WilliamDenard237@gmail.com,nEpYXdhGqN
RubenRhoades238@gmail.com,eOsBXPEbJv
MableTurner239@gmail.com,FCicelkzvO
MichaelSims240@gmail.com,HRcnaKSmDK
RobertHidinger241@gmail.com,WLMwidLIbv
DerekYamada242@gmail.com,areqsmeuEL
PatLembke243@gmail.com,pBpEnjkbTJ
ConstanceCaine244@gmail.com,CMOyDuZUvh
CynthiaPurnell245@gmail.com,KKrJJdAaDA
CharleneBurton246@gmail.com,FNWjzwwGhZ
TamiVedder247@gmail.com,FCfsPNDoBS
WilliamAbrams248@gmail.com,JRqPybbhAA
PearlWilliams249@gmail.com,fDJRbTCWld
LawrenceLaplant250@gmail.com,apCrPcxZFB
ChristyPetty251@gmail.com,SywWJOEsyd
DianMurray252@gmail.com,SejDgXFnak
MarkJoseph253@gmail.com,coQGIKkrZh
LornaDejesus254@gmail.com,MAVfqTFmnP
JanetRobbins255@gmail.com,lUZNYvVwYH
HalleyWilhelm256@gmail.com,UWfASenZLa
FrancesAlston257@gmail.com,BIxPFuZncY
FabiolaLewis258@gmail.com,iNHGDOzion
GerardHitz259@gmail.com,sKaXltibDh
DanielNichelson260@gmail.com,enALGECtjE
GuyRodriguez261@gmail.com,GxIbqjXyLV
PetraMciver262@gmail.com,eHLNxkrGDu
KimberlyDagostino263@gmail.com,HOWjtxlmtM
BetsyAtkins264@gmail.com,iXeKnIbnRo
MichaelSmith265@gmail.com,tpWYkIzbQs
HelgaCharles266@gmail.com,LeQDhyCjyz
JohnClark267@gmail.com,FxgAbfvbbL
AnaBabb268@gmail.com,tHNZqOeGtV
PeterRice269@gmail.com,RXprJpzyrU
GaryHaley270@gmail.com,BkdUVFFGjI
MaryJones271@gmail.com,LtZYwMiZiy
DavidJohnson272@gmail.com,GKMSjWqKaf
AndrewCruz273@gmail.com,LohuxtBfOD
RandyShoulta274@gmail.com,YoJPRkxbHA
JessieStraka275@gmail.com,foYAOfsYMu
LydiaPierce276@gmail.com,VMqoVQOYHO
RonaldNavarrete277@gmail.com,seRSXPGtpM
LatonyaHayden278@gmail.com,hnwiskojGU
DevonRobinson279@gmail.com,IXsyszjQks
JamesJacobs280@gmail.com,lvxpiccLTe
ArronOzzella281@gmail.com,DkKRVQDLTM
JoseMartin282@gmail.com,qDDudmFDsu
MarkFullard283@gmail.com,RFLmdVqMIG
LutherShumaker284@gmail.com,EmpaAbwrtZ
FreddieCalabrese285@gmail.com,lvFGpdmtmB
RebeccaTaylor286@gmail.com,lqTRSnJHAx
BeckyFreed287@gmail.com,hUbCrkzBSH
HelenRodriguez288@gmail.com,tKOlEaSCOb
NatashaPinson289@gmail.com,NcdiMwrasg
MichaelKern290@gmail.com,vPsEDheGZI
JohnPrudhomme291@gmail.com,fYknZsWmfz
ErinConstantine292@gmail.com,XliuXFBEHC
MichaelDegroat293@gmail.com,rfGkKVGACO
MichelleSayegh294@gmail.com,wTTocMsTMd
LeonardPiper295@gmail.com,bnAzEnTTRq
MargaretSmith296@gmail.com,dMXouHvJBM
KayGarner297@gmail.com,hHUTxXwafY
ChrisHill298@gmail.com,ReTEJwDhlX
LaurieSmall299@gmail.com,bMPahbwpfZ
AmyDunn300@gmail.com,buIKdQBfZu
SusanAshlock301@gmail.com,zOtfifYscj
ThomasParsons302@gmail.com,bhxJGPtZSF
AaronRoot303@gmail.com,CYVcrgOIMU
JohnObleton304@gmail.com,VQagHuMqor
AntioneDearcos305@gmail.com,rXzZNtcvCe
EssieHoar306@gmail.com,UGDYRIQfnR
PaulCastilleja307@gmail.com,OUXUUoqPJO
EnriqueStinebaugh308@gmail.com,PFVsPynZrH
JaneStarling309@gmail.com,fggnvLPNyd
MaryNorton310@gmail.com,MnykTNqvYR
MichelleMoore311@gmail.com,fZtZjPVHDd
DeborahWegner312@gmail.com,pJuGfZvTRq
RodrickComeau313@gmail.com,BhQuKLfmry
AnnieGold314@gmail.com,EQtlEsXMRf
JosephTodd315@gmail.com,VMDczxbHKx
JosephBeck316@gmail.com,frvuBamKpc
JuanBieniek317@gmail.com,YLWsQkPbvg
JamieNelson318@gmail.com,OAYwArBBXD
JohnPeevy319@gmail.com,icCTcrvaLb
ZacharyBailey320@gmail.com,nFWzpRmRKj
JohnathanTews321@gmail.com,MuJbbaACTc
KelseyAndrews322@gmail.com,ZdKVDBonME
ArnoldoMillwee323@gmail.com,RrJqpnMWgt
ReidMayer324@gmail.com,LTIuAdwnYk
JeffPatel325@gmail.com,rStYCvlCuA
RonaldMelendez326@gmail.com,DtzOAcAtXJ
MichaelRuggles327@gmail.com,JZbSgZfMGe
JuanKnost328@gmail.com,vtMxhaCIuL
JoyConner329@gmail.com,qjdhxmYpjT
RoseFink330@gmail.com,KeoyjMtoNK
HelenBagg331@gmail.com,WsKNQiwJlf
ElizabethEvans332@gmail.com,cAAQcbKNiI
MargaretCardona333@gmail.com,ldfMWEiuza
SarahBlair334@gmail.com,LdqrGyCscx
JudithDecker335@gmail.com,gIJakYybdG
FrankieJones336@gmail.com,rdOXmoBrxu
JamesMeans337@gmail.com,VsMOrIJvnB
NatashaHoward338@gmail.com,BNCGLJckbl
TerryTaylor339@gmail.com,KeWIQGFwDr
TheodoreElkins340@gmail.com,wEmOBaAZgz
StevenRemick341@gmail.com,pdTBgxMbmw
RosemaryMcadams342@gmail.com,bFxMlcLSNW
BerniceAdamson343@gmail.com,PqoOuKVIxj
KarenLindo344@gmail.com,zigVvxwYSr
CassandraGonzales345@gmail.com,bSLICEkRLc
MaryGreen346@gmail.com,VOcClinxCC
DaleBarton347@gmail.com,jyymOXDZwy
GlennDavis348@gmail.com,BQQzWCXoDP
EarnestHanna349@gmail.com,mCrjTWDaUl
VeronicaBowles350@gmail.com,ScpuLvohBm
JillianRecher351@gmail.com,NMEBVhGoQT
KevinGraham352@gmail.com,OTfZwARMxD
KristopherIoele353@gmail.com,vIUdJTOTWo
ThomasCaspari354@gmail.com,NcCfEobCyt
JamesPlascencia355@gmail.com,SRBLNjltFE
RondaMchugh356@gmail.com,XoyZcuiWMw
JonathonMulac357@gmail.com,kTIsjSqvjY
HelenParker358@gmail.com,CpepNtDbkM
JolineKnauer359@gmail.com,TQpzYqxDNz
KathrynReese360@gmail.com,OWockKnBmg
SamualRowan361@gmail.com,HDiRJkEIhI
LarryBeckum362@gmail.com,AnKxAwnzTy
JoshuaWood363@gmail.com,zsHKvKChEu
JamieCarter364@gmail.com,UwXyHcQoQM
KennyEmery365@gmail.com,utHrFHzPbp
JudyWorden366@gmail.com,hlJvbwuMeA
KirkSilverberg367@gmail.com,PkxvlsDAfu
RogerLasalle368@gmail.com,efJVGWVRIf
AngieJuarez369@gmail.com,oTBraLfaNf
LoriMoistner370@gmail.com,kZPOGpVPOU
KevinPeoples371@gmail.com,qBdmHuAnCw
DavidDubay372@gmail.com,lDYGcufseL
ClarenceChapman373@gmail.com,wDjzCnhxUV
AndreaMateo374@gmail.com,slDWAnGOuC
FrancisDishner375@gmail.com,mvIvwvuino
JimmyRoberts376@gmail.com,nWURWekWmO
BeverlyKamphoefner377@gmail.com,isEojqOtDJ
WilliamIgtanloc378@gmail.com,BCNcYzfDrW
RubenJohnson379@gmail.com,xEVlcjhxak
HomerSpence380@gmail.com,OZMrwdmwHG
JohnStallworth381@gmail.com,yNhNEGekBg
JamesHom382@gmail.com,kcSddrHDkx
JaneTruax383@gmail.com,qNLqHtORRe
RochelleBroome384@gmail.com,AmoUVIzUwu
MaryAnderson385@gmail.com,ipJLwOLYkU
SteveHamlin386@gmail.com,BllegJruCs
WilsonHollan387@gmail.com,gqkYmNMTDy
JoeStilwell388@gmail.com,qLUfMzcfza
JasonChevalier389@gmail.com,hvzPxfYhch
ChristyWalters390@gmail.com,PVfZglURYM
BerniceCollins391@gmail.com,hrZVXLzDEK
HeatherTeel392@gmail.com,vwmuESATqK
PaulEvans393@gmail.com,tSxexTlbOj
TimothyStarnes394@gmail.com,bpgwsFcrOP
LisaFelty395@gmail.com,QNRfTutzfv
JeremiahStevens396@gmail.com,YbiEdyYbpq
MichealDegraffenreid397@gmail.com,bHZJHYCtqR
GladysSantos398@gmail.com,GKNIGSUgxK
MaryLaney399@gmail.com,XCbBzIEiZx
RoseStearns400@gmail.com,KQwvgRzJHT
IvaPrine401@gmail.com,ebznUYYWoE
PeterTripp402@gmail.com,GxreQXtlRD
AlfredWaldrip403@gmail.com,rwMCawAQeT
CarolynDelbridge404@gmail.com,SqstixdgYr
GeorgePopielarczyk405@gmail.com,mxRqHOatTW
CherylDale406@gmail.com,kWlIRaQVps
MaryPeer407@gmail.com,SECkVNLFqw
KasieSteward408@gmail.com,DhusjAgpTq
TedAntone409@gmail.com,onWEDeHyDP
KathySterner410@gmail.com,pfFIUSbvbR
JohnNobles411@gmail.com,thTzvuyvoa
EdwardMartinez412@gmail.com,uYzySXnine
CharlieKnopf413@gmail.com,ZMHsIRqWFs
LarryDavis414@gmail.com,qrVIUEfQKk
DianaKnepp415@gmail.com,QefBiJvpTD
ReginaldWoolem416@gmail.com,NadyBcOwtq
EstherMerino417@gmail.com,TLpaiqgXHS
JoseCardona418@gmail.com,xSfsWOeOFK
PatErebia419@gmail.com,cUCVWTzgGA
VanessaCowan420@gmail.com,VBRsGAYUoA
RonnieMullins421@gmail.com,tvHxqlldrR
KathyVelasco422@gmail.com,aWKktNETpl
JessicaSmith423@gmail.com,JDlkhiirTn
LindaThompson424@gmail.com,aMBJoQnKRr
LoraParker425@gmail.com,zJfuuTbjnL
ArthurMiller426@gmail.com,EZYWvwdzLI
EvelynMartin427@gmail.com,QrOvpoxIFq
ChristopherMeyer428@gmail.com,vtcWUEcAEf
PaulCraft429@gmail.com,PzkguQxaIp
EdithLopez430@gmail.com,DpYSPguuCU
IsabelleDecker431@gmail.com,KWHOlZUPOf
MichaelGreen432@gmail.com,zWRMxjDKFt
BenjaminHelmer433@gmail.com,QTASidXRDs
UlyssesHarper434@gmail.com,QqrAygZKsD
BeatrizEmmi435@gmail.com,MxgVKxBTlp
RobertPenland436@gmail.com,gYpBOFzAbo
AngelaSaucedo437@gmail.com,ohmMKLrQRW
RickyLira438@gmail.com,nuWWeWCeeM
RichardPritchett439@gmail.com,gMMHPMxEFW
WilliamStowman440@gmail.com,wHFvcbseYo
AmyVisitacion441@gmail.com,ODkKAcOkSG
MyrnaLegan442@gmail.com,icWgZwYEUG
JamesAlbright443@gmail.com,aDhShtiKUh
JohnNelson444@gmail.com,JGEEZDBYVV
GingerJohnson445@gmail.com,YqznhaVsnI
RuthBolstad446@gmail.com,jbXYyGQsWx
CindyWard447@gmail.com,GDfOfKGCKr
RobertCrays448@gmail.com,bgSCRzYDxS
MilagrosLedwig449@gmail.com,LWEdjRsuzs
RebeccaTellez450@gmail.com,qmjENaGDzk
DerekLara451@gmail.com,huIgzITWvU
MarvinRoberts452@gmail.com,ewtxHPXmqA
MichaelLane453@gmail.com,xCfMXWsJmw
GregoryDavis454@gmail.com,wqMGAcqNMO
SandraFrailey455@gmail.com,ldJsHioOln
ClydeTaylor456@gmail.com,WDFfwaHayR
MichaelYoung457@gmail.com,lKzYOzSftn
ChesterHowell458@gmail.com,vCPDiWVwSt
CharlesDowney459@gmail.com,zZRVPmukuc
KathrynWhelan460@gmail.com,DHEQvAoIgr
PedroDobbin461@gmail.com,NklBCTkuRc
MikeCortes462@gmail.com,uAjCYEsaZV
NapoleonPitt463@gmail.com,sVsTIIGxGU
ErnestoTrollinger464@gmail.com,QqorWrQwGq
SerenaRogers465@gmail.com,DpJGbZMSbX
SharonWilliams466@gmail.com,YWxvPRjDci
RichardBowman467@gmail.com,Uiknskzjtg
ThomasJuarez468@gmail.com,bnzXEVLzVj
JoelMiller469@gmail.com,nutMAdJDOy
GregoryMakin470@gmail.com,WufzKFuTNK
ClaudeAnderson471@gmail.com,gaKGlxueed
KathrynNolan472@gmail.com,tKozaFTGpP
ElizabethSuh473@gmail.com,lIJFWAIQSy
DeloresLofton474@gmail.com,TrIEdgWOQv
RichardMelendez475@gmail.com,ELZAcdvpYW
SandraBrunette476@gmail.com,hWXIuMNaEV
ShannonGreen477@gmail.com,fLXsvahtfh
ShirleyCurran478@gmail.com,nVEQDdMeLu
WadeJones479@gmail.com,WqXBWpiooE
PamelaConroy480@gmail.com,cZJUygdPwz
MelissaThurlow481@gmail.com,bUFbNMJvVi
MaryKuykendall482@gmail.com,HFliHlDiKO
StevenEmanuel483@gmail.com,zctEDPWvsM
TimothyNavarro484@gmail.com,dxILaqHmYU
VeronicaParker485@gmail.com,Svtdwttzyv
CharlesLyles486@gmail.com,zYtyhwTDis
AnthonyBailey487@gmail.com,NnxgYgFNDu
WillieSchupp488@gmail.com,vPrQvlDaaK
MichellePolanski489@gmail.com,HRNpQloUqg
AvaMclellan490@gmail.com,LLtHoTIQLS
DonnieTotten491@gmail.com,VaLLwIcqyD
LenoraLocke492@gmail.com,ykjiIEYENi
AnnieCoates493@gmail.com,UpyWDrFAgv
EdwardLawrence494@gmail.com,YNphEvTUUN
EvanLira495@gmail.com,viORQhJZFF
JennineDay496@gmail.com,bAbBLaTJyV
JudyMasters497@gmail.com,ozfEdUgsKk
AnthonyLee498@gmail.com,ClVoMhMzPb
JessicaTaylor499@gmail.com,dzQnWWkNcE
AntonioBilodeau500@gmail.com,OZzFMshwoD
AmyPersaud501@gmail.com,keOsiOnrOa
CatherineOmara502@gmail.com,EbioJnQRAl
VioletFields503@gmail.com,pFjFEJBSIt
BarbaraHumphrey504@gmail.com,acSMNxYqbn
RobertaTalmadge505@gmail.com,ZpCRMhxQdh
MichelleMartinez506@gmail.com,DFNXqwPXnK
CharlesPicton507@gmail.com,JDgztaGyoi
DorothyRitter508@gmail.com,eNcmvkRWuR
JasonMorales509@gmail.com,NYCzmegTlV
AnnaJones510@gmail.com,eknDaDenSS
ConcepcionWalsh511@gmail.com,IIbMHiUyEq
CarlosFuller512@gmail.com,bWbXnBAGHL
EarnestMeyer513@gmail.com,nlCxaJjyQA
StephanieSainz514@gmail.com,UwrOvZuosc
ThomasNelsen515@gmail.com,ayHolfUvfg
BarbaraColon516@gmail.com,jHujjfAwUk
TimLoughran517@gmail.com,SOOcqmKCKk
CarlGreen518@gmail.com,zLJgbUKVtJ
ChristopherLafontant519@gmail.com,uutrlEWPDW
FlorenceColace520@gmail.com,KbBjXFdESX
CharityFehrenbach521@gmail.com,KMnBUXTMOs
NestorCole522@gmail.com,gKSXfOaVxW
CarriePhillips523@gmail.com,oWqldqFuQe
StevenWarren524@gmail.com,ncDYfsufvL
DavidTullis525@gmail.com,OkocsXbhQC
MarionMartin526@gmail.com,EeitJAzklI
AnnaEatmon527@gmail.com,kPxBPRDNcf
PhilipSur528@gmail.com,AywrtgPFoS
ChristineSerrano529@gmail.com,MxIBSKgUJH
KyraCarlin530@gmail.com,UTSLPsXpvr
DorothyAniello531@gmail.com,nmvpWotXRK
RosemaryNichols532@gmail.com,qBunhMnFsu
FlorenceMcdaniel533@gmail.com,mAmmqPQSdd
MaryHancock534@gmail.com,VvXdVLmzAm
FrankHawkins535@gmail.com,MfSPfTRdWc
GeorgeArmijo536@gmail.com,UXanpgIwYH
RodneyPinder537@gmail.com,kHnbMRYOct
ElizabethFreeman538@gmail.com,fPYSgIbXlI
JamesBerry539@gmail.com,HBGlIVDmhp
RandyBeierle540@gmail.com,tdfwTKRKwn
MichaelStrawser541@gmail.com,pEStiWnyBY
ElizabethGonzalez542@gmail.com,wUCTKjVpQW
GeorgeGrice543@gmail.com,hBnBjVWFhf
GeneMullins544@gmail.com,dYkZAYHgdK
GloriaHernandez545@gmail.com,prfzeCTySD
MichaelFloyd546@gmail.com,JmOViHUPzS
MaryWitt547@gmail.com,XnsoPKPjsr
MariaSanchez548@gmail.com,fShnLirsfY
BenjaminMckinley549@gmail.com,spRnWnumCO
AntoinetteFagan550@gmail.com,CWhQCcTLxo
JeanineMiller551@gmail.com,MfOfzNilPq
RonnieFord552@gmail.com,qqgSbILPzT
RosetteStewart553@gmail.com,AJlhnVtTSs
StellaPosey554@gmail.com,kaNiqSjiKY
JohnBradford555@gmail.com,quRclCNxag
SusanFerguson556@gmail.com,IYpOwIAjMm
CarlAndersen557@gmail.com,lVQfXCZBJc
TimothyTurner558@gmail.com,UXAiWyrjQg
JesusOpie559@gmail.com,zzLGsKmHoo
MicheleLane560@gmail.com,jWuhxySACG
BenjaminCatlin561@gmail.com,jgAVfPmHnL
CharlesHines562@gmail.com,yVKfWnmiwl
MichaelDewinter563@gmail.com,llcLLgNxMb
RosaRivera564@gmail.com,jWFuVasODt
MichaelAldrich565@gmail.com,kbhtihbtnv
EusebioHoward566@gmail.com,pFFoIrylnI
EugeneSoileau567@gmail.com,ZHvgNnJeBv
JosephLee568@gmail.com,lgXPFRXzMw
IanCurtis569@gmail.com,pkneXiebIj
JamesAdler570@gmail.com,AjDBgZGTwq
RositaBooth571@gmail.com,doByIEJAYh
EricMoon572@gmail.com,YvbyiNIaAX
FrancesVarghese573@gmail.com,rcWdrtAinI
JohnGable574@gmail.com,khuPqzCzhM
IreneMajors575@gmail.com,utaIjWybqH
NancyWollenburg576@gmail.com,VPKIaloxjV
EileenHummel577@gmail.com,wtCJQkWLAW
ChristopherCox578@gmail.com,iMsaVOYZTB
HazelBeltran579@gmail.com,HnUAdvkWrQ
BerthaBooth580@gmail.com,GLuDYFVotc
MaryGilmore581@gmail.com,cseYYltWNk
TaliaLundstrom582@gmail.com,KoWkSXpRik
DiannaHartley583@gmail.com,TswZLQrCOb
LauraDoyle584@gmail.com,bvxRuxITbI
ChristopherEdwards585@gmail.com,loBLroCmgB
WillieAlvarez586@gmail.com,oJbiUjjOvc
MyraHines587@gmail.com,bnXwMKrZnz
BobbyKing588@gmail.com,MKVjeREuyd
HaroldHarvin589@gmail.com,quOZOwafkZ
BrandyDilbeck590@gmail.com,dkdkiVpNYL
KennethMottillo591@gmail.com,tPviAaSNYv
SusanLee592@gmail.com,TIGsIEnubV
MelissaSpies593@gmail.com,HSMEuvLpti
KatyStocker594@gmail.com,XHVAFdzaYk
HelenTimko595@gmail.com,gZLsKijVIa
KimJohnson596@gmail.com,LbGxQAbtTM
AdaCameron597@gmail.com,ybPwgqtgTo
JaniceRodgers598@gmail.com,RgDMwnEdbW
RonaldMercier599@gmail.com,RSkAaYVPxc
BarbaraCrawford600@gmail.com,UEojfEbVYc
MaryHannan601@gmail.com,hilBQDYnUf
NellieSimpson602@gmail.com,igETZwuAqj
MorganJaye603@gmail.com,IWdfDyvtPA
DixieHopkins604@gmail.com,oYeKhaPWdF
LesterAyala605@gmail.com,wiSXWKmTrK
MichaelScruggs606@gmail.com,tAhOWGTcdK
JulieCrespo607@gmail.com,ruvZXASFLV
SandraFrancis608@gmail.com,MertbrucdK
CarriHyman609@gmail.com,fePYcQlFsM
LeonBabin610@gmail.com,YbzeAoiqoP
ImogeneHaffner611@gmail.com,tyWoBygnQD
MarshaDeruyter612@gmail.com,IIwqpYCzUw
EvelynGannon613@gmail.com,OdFdxAlUvt
DanHull614@gmail.com,lWZovcUzGk
KennithBoggs615@gmail.com,gGcdCTBrYs
JohnLebo616@gmail.com,BXTvhSgAnt
NicoleFlanagan617@gmail.com,ZidQchZVmW
CathyNeal618@gmail.com,OuibTWZLOv
StephenMansour619@gmail.com,PcrnQwfyBN
WalterHolmes620@gmail.com,mLByVzuaYJ
LorenBenson621@gmail.com,vGSpAoWRtM
ElizabethGordon622@gmail.com,WbxEcLInwj
ChereeRamirez623@gmail.com,WJJFIDGsiC
RobertaCyr624@gmail.com,MBFRDbVkmL
WilliamKasper625@gmail.com,VrUAcLdCMq
EdnaBakley626@gmail.com,CUuUuFmEjf
MaricelaAustin627@gmail.com,sMUProCADd
RoyDickinson628@gmail.com,vgvPHlKccO
KimCopeland629@gmail.com,bseZCrIasP
CaroleTaylor630@gmail.com,nqBAyxCfod
HerbertFerrier631@gmail.com,uHRjzHdvCu
LauraMarquez632@gmail.com,oiBGPYwYvD
LorettaGabriel633@gmail.com,ryMlPuSexO
LanaDickson634@gmail.com,cpXCSGacoY
AnnabelleRogers635@gmail.com,ToHiDDTegm
GloriaMclellan636@gmail.com,fwrmGrHtje
PaulNichols637@gmail.com,FgUOexwqqt
MichaelBryce638@gmail.com,gKGgqnTiDU
VeronicaHolmes639@gmail.com,ajlFGrVdir
GlennGibson640@gmail.com,qmjTauQZtW
ScottBell641@gmail.com,ZtRqtFpsgt
DeniseSikora642@gmail.com,vDlFzuACCF
ThomasBeattie643@gmail.com,YIFgogXdhC
BarbaraGarcia644@gmail.com,fEAasTDHOO
MaryWarren645@gmail.com,IolvfkgDaA
GregorioThao646@gmail.com,olSaMgRnrd
GaryLovett647@gmail.com,PifEAdaWpw
GladysBowman648@gmail.com,UblNQGGCwi
CatherinePearson649@gmail.com,kGNBxpDobm
StevenNeeley650@gmail.com,bbjRCtexOK
JohnYi651@gmail.com,uhdbslLPiZ
MichaelJohnson652@gmail.com,TXDzOQALJp
WilliamRodriguez653@gmail.com,XhtLsVHwoX
GriselWahlman654@gmail.com,PxRheKObWp
BrandonBulson655@gmail.com,zOjyfwKryX
DeniseMorrison656@gmail.com,elTmIfETLj
IreneShin657@gmail.com,PhRTwvkuyA
AnneAsher658@gmail.com,mAOyICkFFR
DavidTsutsumi659@gmail.com,RYbwGDKZoR
SusieDuncan660@gmail.com,gPIrRCCPUA
MarilynBurell661@gmail.com,PYoEwMqqUR
GarryMckeown662@gmail.com,ZqmGNCtxXj
TamaraCardwell663@gmail.com,qIvEoyglwc
DavidWallace664@gmail.com,mDHLlrUIom
HollyGloor665@gmail.com,CSFmDSyCwl
JamieAlvarez666@gmail.com,gvKgnRHwcN
CharlotteHurt667@gmail.com,RaRlwnfrdf
MichaelStevens668@gmail.com,ARzkYXAvnr
EricSeals669@gmail.com,txOQqtMEzf
WalterPlumb670@gmail.com,iQgfeDYFAf
DianneWarnack671@gmail.com,VIRTohZdHU
SarahLane672@gmail.com,byosaRuTGW
DonaldFaris673@gmail.com,VSkjrXBrDg
JeffreyRodriquez674@gmail.com,yOQQiGjYfy
BarbaraJerkins675@gmail.com,ShNNVhVQEv
LenoreDoss676@gmail.com,XoaYFnXdLd
BradleyLebeau677@gmail.com,UNycNERLnb
MaryCase678@gmail.com,sERCgtYahN
CharlesCleland679@gmail.com,jvkiQQLIqn
StevenBowers680@gmail.com,BDLmbWezia
BrendaMuriel681@gmail.com,JMBhhQUjES
MiguelGreen682@gmail.com,idZeicceZU
CarrieAlejandro683@gmail.com,TNcZmWyuVh
RuthVargas684@gmail.com,DlXycMcQDV
AddieMeyer685@gmail.com,wYrURypIzO
MichaelMcrae686@gmail.com,AYtIOYhqpp
ThomasMckenney687@gmail.com,YBtyZbGFRm
LuisKnoll688@gmail.com,AtQNtlwwCA
EleanorMarquez689@gmail.com,OGHWcYhvXv
MorrisMayhew690@gmail.com,EHviZayDtw
JohnRaymond691@gmail.com,vNMuGzVMql
WillieLiriano692@gmail.com,scNwazDRPr
JosephArmstrong693@gmail.com,iMfPPviDMa
PabloChristopher694@gmail.com,ddetnBGQlB
EvaBoivin695@gmail.com,wklrhmvFmX
LisaRoudebush696@gmail.com,oKZtkgaowv
LeonardMccurdy697@gmail.com,KYkIROyxGV
AndreaMoore698@gmail.com,XyUJrGAcSm
CarlosConverse699@gmail.com,jJbTlIZxHi
WilliamGlatt700@gmail.com,CvciBuIztE
RonaldMcgough701@gmail.com,pkTQCvKwxm
WilliamHonn702@gmail.com,KsuMCRUObw
SallyClark703@gmail.com,wmsLLAkaqJ
WillisSimmons704@gmail.com,BmUgfhvXpS
RonaldOberpriller705@gmail.com,yYMpSPaAQI
ErnestinaJohnson706@gmail.com,KWiSzGrGaT
TammyBudd707@gmail.com,aTDVRzxzWF
VirginiaMartin708@gmail.com,HVPdNIhxbp
SusanFrasher709@gmail.com,gWgGMMjXbt
RosaGarcia710@gmail.com,UhWSioPzKj
LorettaCastillo711@gmail.com,GFXEViylsw
LillianWicker712@gmail.com,yKKVNJrCrK
RyanBurdette713@gmail.com,CXFqtBQuzU
WhitneyGarcia714@gmail.com,bYpysJNjvc
StanleyJensen715@gmail.com,CznNuFuCBg
RobertStoltenberg716@gmail.com,VzAWtQtzBq
JessicaTracy717@gmail.com,GqOddRuomh
ThomasKennedy718@gmail.com,fMRDPTFBBj
AngelinaSell719@gmail.com,dFADQgOrlE
WilliamPullen720@gmail.com,uBFziLjJzd
MaryCarideo721@gmail.com,iyfiXZSCrZ
FrancesBarringer722@gmail.com,UnrjstrWab
KarenSullivan723@gmail.com,ZWJKxcAfls
ClaudiaSwoope724@gmail.com,ChSoHCpJPY
JackCorbin725@gmail.com,vpfkUDPPUb
FrankWilson726@gmail.com,SUYBMCqqTU
GeraldMathews727@gmail.com,BRCunHyTqo
JohnEubanks728@gmail.com,llQuvMxztj
JoanneGilbert729@gmail.com,wjttSFiOeO
FlorentinoSnyder730@gmail.com,MCWgdEdBqt
LisaDonaldson731@gmail.com,zrUMBbETfu
JoyceNavarro732@gmail.com,ClzIgjbGom
LucilleThompson733@gmail.com,YHCIOCuNKy
AlfonsoRose734@gmail.com,CijQbqUNyQ
JoyceStraker735@gmail.com,OVQuXvmyua
TheodoreMcguire736@gmail.com,vaYyYojwYW
JamesAlves737@gmail.com,exSnxZeMFL
MyraGarcia738@gmail.com,eRxRjTWoby
MichaelChristiano739@gmail.com,gboOVkleYZ
JosephJohnson740@gmail.com,YDReVkblHp
MargaretTallent741@gmail.com,qWCbfRKdkc
TylerMickelson742@gmail.com,tnKDWsRjew
ShirleyLucas743@gmail.com,yZJScvANMJ
PhilipFoster744@gmail.com,xIzNCytToO
GregNorwood745@gmail.com,jsFHekUHzR
JamesPerrotta746@gmail.com,xCcevLHmod
CaseyRose747@gmail.com,qqlcSCKLjt
NatalieNichols748@gmail.com,PnNwJAcLoW
JohnTawwater749@gmail.com,sULArkAJNR
HenryMcdaniel750@gmail.com,ZSVuDculYK
AnnaHarris751@gmail.com,iVxDjsRyuk
JasonReyes752@gmail.com,LwZlSauthZ
MarcWilliams753@gmail.com,pWScbwOWbk
DianaLeach754@gmail.com,GcHjHCdQFI
MikeColon755@gmail.com,rNKtgFcRUq
PatriciaLarson756@gmail.com,JadPzSdDLK
CharlesHowzell757@gmail.com,FmZkiHvkiV
JohnWhittemore758@gmail.com,uKAJnHJgZH
JohnVazquez759@gmail.com,argnqmaOYc
JasonThompson760@gmail.com,OUyhRPuyZt
JoseFraser761@gmail.com,jHgLapcstf
EmersonWhiting762@gmail.com,wPVocgOxtP
ScottCopeland763@gmail.com,nGWgaZXJIW
RosaDonnell764@gmail.com,EWwPwqdeKh
WilliamDuarte765@gmail.com,fOKKplIpJs
ClydeRiggs766@gmail.com,mAgMWEOFCz
KevinHuckins767@gmail.com,RcocyTVaZi
JohnStevens768@gmail.com,BStNVprUXs
GretchenMatskin769@gmail.com,ngEHPROQvW
AnitaRipley770@gmail.com,QdhfYYHUtq
PaulTyree771@gmail.com,iHTNWJgdzW
EmmyPendergrass772@gmail.com,IlMMnVOthw
CaroleLema773@gmail.com,qIxNeCVRep
JeanneKennedy774@gmail.com,dWQocohGKg
LorenzoRomero775@gmail.com,bwXqJzCklr
LindaDavis776@gmail.com,MyFpPPQgcL
ErickRichardson777@gmail.com,hOuZJWPAyy
MatthewNatale778@gmail.com,BxHAGpQwmj
JulieHirt779@gmail.com,ciFcYkSYkR
ValerieParks780@gmail.com,QPZiQqoQoU
JeremyBenevides781@gmail.com,vfpfiJrdhU
KristinReed782@gmail.com,otFYmsBFFB
SondraHutchens783@gmail.com,fcLDBJgCfO
JohnCamacho784@gmail.com,pNXmHtzqzS
CliffordIsrael785@gmail.com,cNVaZLQeaX
JohnTudela786@gmail.com,HRpNoybGKR
VictorMiller787@gmail.com,jgHrvjXxuK
StephanieBowens788@gmail.com,cdZyKzrABz
KatherineKim789@gmail.com,frENtgtmbP
AndreaBanks790@gmail.com,cwkunRjQTI
NomaSawyer791@gmail.com,FkRtNmgXWg
LeonorCreel792@gmail.com,QAPovEAsTQ
AnneCravens793@gmail.com,HLMxOQAore
LillianSosa794@gmail.com,wyxSxKPqyq
NancyStonge795@gmail.com,UeaBIngtCs
KimberlyLopez796@gmail.com,KSikGXWQkK
RobertReinhold797@gmail.com,HNhNzabSTc
JenniferRandall798@gmail.com,CjeLrhKPhB
AllenWyatt799@gmail.com,aJwbmbuDpt
CeliaHubbard800@gmail.com,PYgEuFKTly
LucilleBrown801@gmail.com,mWrqYLMHej
RodneyChisholm802@gmail.com,EfEMPBHTpK
AliceGoodman803@gmail.com,fEhOZkmbat
CallieBurkins804@gmail.com,qaEcofoHyx
RonaldWright805@gmail.com,EYsuHaPxgv
SusanVolpe806@gmail.com,ZFGyOotIHR
RichardLincourt807@gmail.com,DJnluHIKfs
JacquelineTurner808@gmail.com,TBwtwlyvDb
RebeckaConover809@gmail.com,mTrCfpijal
StephenBandy810@gmail.com,pEiOHAIlpZ
LethaSherwood811@gmail.com,UluYuLaGjA
RoseWillis812@gmail.com,CtknsYgELr
GustavoShay813@gmail.com,bSXPshZDnX
ArleneMiller814@gmail.com,oPVCbbgeBM
TonyAtkins815@gmail.com,FMRMKIJYAY
KarenMoore816@gmail.com,QXeiDlsXiO
PrestonShackett817@gmail.com,kkGaoYjdcQ
JoyceMaki818@gmail.com,gCWUovHBOx
CharleneLarue819@gmail.com,ccsVdhNbHG
CrystalBrox820@gmail.com,eXzhCJkFDL
EdnaDiaz821@gmail.com,GFzaZxnlsI
ErnestRogers822@gmail.com,sCIJLWvDIj
FranciscoRichins823@gmail.com,yfBvtOQIgv
PaulZimmerman824@gmail.com,lnkZDLaFHQ
JosephSmith825@gmail.com,qEpnXKnNus
JuneMinor826@gmail.com,UMTWsDWSSJ
AnnieCanales827@gmail.com,QZHwrcthVl
LelaCohn828@gmail.com,cGakEnSdeq
ErnestMoran829@gmail.com,vmOEHuqSGf
LavernaStahly830@gmail.com,qiiwkHEXpE
RhodaJohnson831@gmail.com,qBwRAIjWBE
BarbaraTownsand832@gmail.com,zexDEhcDtV
CarlMansfield833@gmail.com,hPHSXhWcQH
LauraThornton834@gmail.com,BMtpUAoLxS
MichaelWest835@gmail.com,IRYgiMAzzg
BarryLawrence836@gmail.com,FQnzxqYqWo
JohnBiel837@gmail.com,OJaKzbXNXe
GlennFoley838@gmail.com,GTocfRPChG
LisaReese839@gmail.com,pcKMViCRoI
RobertSchneider840@gmail.com,MKvAsGGerZ
RobertShort841@gmail.com,lncLFzvgbr
JeremySandstrom842@gmail.com,rPWxJQnzEr
MarieSeger843@gmail.com,kzKeDdTfEO
KristinaParker844@gmail.com,LBxeyAtlEo
JenniferIler845@gmail.com,cFvcxJULBs
ElizabethColston846@gmail.com,OvWiHoNPyU
CarolynAnderson847@gmail.com,yTpKljJNpa
PaulDay848@gmail.com,tkLCySdWzm
JosephAnderson849@gmail.com,VGkeHLrbVt
BarbaraKelsey850@gmail.com,ljaNdGzbNu
EugeneWarnes851@gmail.com,pylghuRaXh
BrandonKeyser852@gmail.com,KNyatSmGcS
ThelmaBlank853@gmail.com,fttoRNqCjO
JaneBoggess854@gmail.com,SZXPxEswnh
JuliaSpeas855@gmail.com,HxgkSWIgOr
BrandonDouglas856@gmail.com,MFgaCHYTXT
CharlesPolanco857@gmail.com,StqKUZBHMF
TerranceShumock858@gmail.com,kyorEPKryJ
RodneyRodriguez859@gmail.com,gLuNypXyKM
DavidTurner860@gmail.com,ZQCtDMcpSc
PeterJones861@gmail.com,cwwUGtokRx
ShanelSanford862@gmail.com,kVaimqqQms
GustavoManfred863@gmail.com,rYacniCnec
SalvatoreAsher864@gmail.com,oilWBUypOo
RobertMartin865@gmail.com,iJjBntjsSv
IanFrench866@gmail.com,EDKHOdWqEu
RoyAsuncion867@gmail.com,MoBwPBMHGA
KennethTrue868@gmail.com,iJnHIHSOyM
VirginiaEnyart869@gmail.com,jLMYVfyVnu
GeorgetteNunemaker870@gmail.com,qhlnRpjleF
JenniferHairston871@gmail.com,cCabsRhLes
GabrielLane872@gmail.com,GBSEeVnabE
MarySimpson873@gmail.com,XiOFuucBaI
NoreenMason874@gmail.com,XWWSIvZJMB
MarkCorchado875@gmail.com,erAByIqNnv
JoseRoy876@gmail.com,KFSlGjjpcV
RebeccaRivas877@gmail.com,geRHBSSZny
JamesNash878@gmail.com,cEtOtflhBT
ShermanHenry879@gmail.com,xWOHWGhDyO
CraigOmoyosi880@gmail.com,dbnJGpynuN
DavidGriffin881@gmail.com,iGNPiSftWt
GiovanniWardinsky882@gmail.com,oqChnmOFVB
CorneliaCarnes883@gmail.com,ldSrbcFGsJ
TamaraMartinez884@gmail.com,PWUUFdAhVW
JeanCapizzi885@gmail.com,WamsFYhWvL
MarinaHaynes886@gmail.com,cDVlIZNCpz
ElizabethMoreland887@gmail.com,EsPdmEeIKm
GeorgeStapleton888@gmail.com,ZMfGHktXfd
DonnaBoyd889@gmail.com,hYNQdCQdEI
LouisBathe890@gmail.com,tHESQydHYx
TaraCahn891@gmail.com,mVshQILdNy
ThomasRacki892@gmail.com,UTEkahvXfQ
DavidCalloway893@gmail.com,PEolYCnrZo
ChristinaPigue894@gmail.com,eMiDpsCVMw
LeonardJaimes895@gmail.com,SZjoOwYNVW
MaureenYoung896@gmail.com,oVWhdNKYfW
SarahWilliamson897@gmail.com,OQLZvqLjYq
EllisJeter898@gmail.com,KjtbgRsNfw
AshleyGutierrez899@gmail.com,kgRuzLRrvu
JasonMartin900@gmail.com,vGXUsplZNC
TaniaSmith901@gmail.com,rpAQyZRntu
LulaOwens902@gmail.com,MsSWeFLmCH
KeithFerguson903@gmail.com,gSspxluKMn
CharlotteGeorge904@gmail.com,IZWZTwiFWy
RobertDragich905@gmail.com,YFdRXCipxj
DarleneZebell906@gmail.com,jIcUwDTcnn
MichaelDavis907@gmail.com,AJqvxOSLGB
IdaGreen908@gmail.com,PIwKhgYfFJ
ErinSipes909@gmail.com,AueoIvTtYm
AnthonyShelton910@gmail.com,QRFpFRCIPF
LoraApana911@gmail.com,MXiUpMQQBB
MildredSpearin912@gmail.com,IVJHzNRUsO
AnthonyBallard913@gmail.com,ynafjhNgjQ
RuthWilliams914@gmail.com,OFcBxTkYxh
RichardMorris915@gmail.com,mWhWYaJYbJ
TimCohen916@gmail.com,kiLIwZTHma
DarrellFerguson917@gmail.com,sENqwtpIlu
JosephMoseley918@gmail.com,UfvxfXTPPM
JosephSaxton919@gmail.com,gWXKsaoMky
SimonBalas920@gmail.com,eaeyPdLzlC
MickeyCarter921@gmail.com,gooKtcMdCT
PeggyParrigan922@gmail.com,ZKHKiDZWkT
VivianZenger923@gmail.com,mcSSAapKiM
EarlGarcia924@gmail.com,SVZqGhiFSZ
JoannEdwards925@gmail.com,xNiikHThcX
MarilynFranciscus926@gmail.com,JbfKyvpZhW
SilviaMelius927@gmail.com,fSlXrTFpZe
MarcusKutch928@gmail.com,wRwOHqwSmT
MichaelPresley929@gmail.com,LsMXaYrKYK
JanetCraig930@gmail.com,DQXBdhdJZV
JohnRiehl931@gmail.com,YGNGYcHHZY
GillianGreer932@gmail.com,HkSxwRDWkL
DavidAmato933@gmail.com,VEoBIIXGIY
PatrickMichaels934@gmail.com,LBpARrVDzy
GenevieveEspinoza935@gmail.com,ECWxnBYELB
DerekWhite936@gmail.com,zqBlfjeKZb
HeatherAllen937@gmail.com,YvFhThKZdZ
RossSmith938@gmail.com,lXEQArwbXl
JenniferNeville939@gmail.com,hHRFVjYpeg
VanceBussey940@gmail.com,OpelHfoIIq
CharlesMccauley941@gmail.com,bnOaUmfKpR
DerekTorres942@gmail.com,kVpNQDaiCY
MarleneTaylor943@gmail.com,UTjwNhXBDw
AlbertaHernandez944@gmail.com,RITkLUFbqW
LinaTownsend945@gmail.com,qYYAyIzjJV
CharlesBlackmon946@gmail.com,JqJtpfBxQA
HowardGreen947@gmail.com,PCUKunzKbx
JamesHellyer948@gmail.com,gxZmAfWHzI
CharlesChoi949@gmail.com,RRDAiIUdRB
WalterCameron950@gmail.com,AtulQJQDKD
JohnnyPeachey951@gmail.com,iwoqsFPUcE
DaveForeman952@gmail.com,NeOYaUFJoh
KelvinVegetabile953@gmail.com,QXXwnVzfYd
TaylorKiehl954@gmail.com,AMEWIrXwFZ
MarvinHoneycutt955@gmail.com,wvjUVxjlIi
ElizabethFortner956@gmail.com,COBzYHwACj
JamesKelly957@gmail.com,IbCbUJdgID
TeresaFloyd958@gmail.com,XfHXfAmOPE
LauraKing959@gmail.com,ARNisUoZnD
AnthonyTrudeau960@gmail.com,AeuUmIuqNY
ChristineKahill961@gmail.com,LeVoKSsyZc
SamSebek962@gmail.com,tfKcQqagUQ
BenjaminMorado963@gmail.com,oMQwKGmAgf
JeanBiller964@gmail.com,ZqKOlZWQdH
TrentonHooper965@gmail.com,BbXqUCocTV
JacobMildren966@gmail.com,kGyjxFOetC
ShirleyOtt967@gmail.com,zWRyZohwgI
DarleneSmith968@gmail.com,BgeOffGlvE
KathleenMoore969@gmail.com,jYhhJXJpmc
MikeAndrews970@gmail.com,YRHXwzRAjM
MatthewHoward971@gmail.com,esivuvpHwL
EvelynHaider972@gmail.com,yUyluSKNCE
TinaSchreiber973@gmail.com,XtmwjoHOiB
LoraFebres974@gmail.com,ggXTuiKvQR
DeanaGallagher975@gmail.com,ROfYwJwIBB
DenisBarrette976@gmail.com,XqbENePlWP
CindyBryan977@gmail.com,bhiDgETIPe
JamesHarris978@gmail.com,FbUHOrIrJQ
OpheliaKinyon979@gmail.com,oiIBkitXpu
MichelleHaynes980@gmail.com,scmWJKRaMy
EmmaLanford981@gmail.com,sSRrGaHDop
BruceWilliams982@gmail.com,cmVXslKyKq
VictoriaBoardman983@gmail.com,lQvMncDQjo
PatriciaBest984@gmail.com,RofWDCoKxL
JeanetteStarrick985@gmail.com,hOSKIrYsDQ
SarahJones986@gmail.com,yDznJjhpzv
JonathanCopeland987@gmail.com,CbcOKnXHVR
CliffordGray988@gmail.com,AIeHoeYpiC
FrancoiseClinton989@gmail.com,XcApZWQcBA
VeraBarron990@gmail.com,PeRLKAaoIc
LorettaVargas991@gmail.com,aJPVPhVnfg
JodyKappel992@gmail.com,enLjcaJZWb
DungLeonard993@gmail.com,IUTGLIQSlB
JohnnyNichols994@gmail.com,Futjcragiz
MinnieGoad995@gmail.com,WprLpkoXDJ
JulieMelanson996@gmail.com,EvHLoOgjIi
GenevaBrown997@gmail.com,VOolhvqByD
JeannetteBaldwin998@gmail.com,uhnLDZxlZk
AnnLaporta999@gmail.com,PGKLQIfyQN
KarlJohnson1000@gmail.com,uHxAjIqcPF
