1,airborne
2,capable
3,literate
4,elated
5,brainy
6,mysterious
7,cunning
8,meek
9,sloppy
10,skilled
11,industrious
12,nice
13,gregarious
14,positive
15,slick
16,first
17,merry
18,dancing
19,spry
20,annoying
21,uncovered
22,beneficial
23,sophisticated
24,elegant
25,sexy
26,statuesque
27,aspiring
28,majestic
29,rare
30,ingenious
31,calm
32,enormous
33,fractal
34,friendly
35,inescapable
36,little
37,incredible
38,wondrous
39,tentacled
40,just
41,proficient
42,resilient
43,skinny
44,vengeful
45,auspicious
46,tireless
47,wild
48,lurking
49,economic
50,classy
51,huge
52,fair
53,tricky
54,quantum
55,expert
56,diligent
57,vivacious
58,fast
59,active
60,defiant
61,glorious
62,kickass
63,acrid
64,zealous
65,military
66,private
67,grumpy
68,marvellous
69,brawny
70,stoic
71,cherubic
72,gay
73,affable
74,savvy
75,calculating
76,innocent
77,authentic
78,quaint
79,tactful
80,dexterous
81,rapid
82,attractive
83,meaty
84,pristine
85,upbeat
86,gentle
87,bald
88,convivial
89,elastic
90,outstanding
91,raspberry
92,delectable
93,roaring
94,devout
95,esoteric
96,augmented
97,vigorous
98,outgoing
99,careful
100,accurate
101,sparkling
102,sociable
103,secret
104,fat
105,qualified
106,portable
107,fierce
108,devious
109,slim
110,tested
111,brilliant
112,mature
113,ancient
114,versatile
115,quirky
116,light
117,evasive
118,provocative
119,glittering
120,wise
121,logical
122,powerful
123,inventive
124,archetypal
125,fluorescent
126,silent
127,great
128,sticky
129,vehement
130,functional
131,fancy
132,prompt
133,imported
134,precise
135,hypnotic
136,excellent
137,fine
138,transparent
139,tangible
140,eccentric
141,gifted
142,hasty
143,remarkable
144,thundering
145,rampant
146,swinging
147,massive
148,boisterous
149,quiet
150,big
151,imperial
152,messy
153,dangerous
154,silky
155,loutish
156,sturdy
157,enlightened
158,bulky
159,interesting
160,nocturnal
161,ethereal
162,rough
163,organic
164,purple
165,crimson
166,primitive
167,uppish
168,hairy
169,magic
170,festive
171,vivid
172,daring
173,cuddly
174,smoky
175,masked
176,encouraging
177,caped
178,camouflaged
179,eminent
180,optimistic
181,greedy
182,cheerful
183,refreshing
184,spiked
185,proud
186,athletic
187,apricot
188,fabulous
189,funky
190,polite
191,holistic
192,hungry
193,heavenly
194,valiant
195,aloof
196,shiny
197,colossal
198,faithful
199,stimulating
200,acoustic
201,daft
202,conscious
203,wooden
204,muscular
205,tangerine
206,polar
207,delicate
208,poetic
209,perfect
210,bouncy
211,garrulous
212,sweet
213,dashing
214,spirited
215,courageous
216,macho
217,magnetic
218,watchful
219,aromatic
220,charming
221,kind
222,arrogant
223,zippy
224,prophetic
225,spicy
226,whimsical
227,nonchalant
228,certain
229,honored
230,sage
231,romantic
232,tremendous
233,keen
234,bright
235,exotic
236,fiery
237,antique
238,nifty
239,dainty
240,witty
241,lively
242,ambitious
243,small
244,shaggy
245,striped
246,precious
247,original
248,enigmatic
249,aquatic
250,speedy
251,quixotic
252,electric
253,hidden
254,magnificent
255,resourceful
256,juicy
257,heretic
258,giga
259,didactic
260,hissing
261,versed
262,funny
263,neon
264,sly
265,invaluable
266,ubiquitous
267,garnet
268,straight
269,unique
270,tiny
271,clever
272,natural
273,beautiful
274,impetuous
275,crazy
276,helpful
277,loyal
278,deft
279,adventurous
280,discreet
281,overjoyed
282,dazzling
283,quick
284,flat
285,glaring
286,smiling
287,warping
288,mellow
289,hypersonic
290,quizzical
291,resolute
292,adept
293,spectral
294,wonderful
295,humongous
296,colorful
297,large
298,auburn
299,stirring
300,thoughtful
301,strong
302,translucent
303,utopian
304,orthodox
305,crafty
306,tunneling
307,successful
308,horned
309,vegan
310,nippy
311,graceful
312,wandering
313,fascinating
314,rugged
315,glossy
316,prudent
317,abstract
318,judicious
319,glistening
320,noisy
321,handsome
322,analytic
323,cute
324,spectacular
325,weightless
326,illegal
327,meteoric
328,rustling
329,refined
330,tasteful
331,amphibian
332,jolly
333,tall
334,naughty
335,agile
336,perky
337,prehistoric
338,determined
339,voracious
340,intrepid
341,steadfast
342,gigantic
343,pragmatic
344,competent
345,terrestrial
346,impossible
347,hulking
348,fragrant
349,eager
350,spotted
351,modest
352,whispering
353,axiomatic
354,ruddy
355,opalescent
356,neat
357,hopping
358,impressive
359,curvy
360,fuzzy
361,radical
362,important
363,gleaming
364,able
365,honest
366,visionary
367,inquisitive
368,venomous
369,ruby
370,warm
371,solid
372,true
373,hospitable
374,fearless
375,burrowing
376,alluring
377,liberal
378,passionate
379,adamant
380,melodic
381,gorgeous
382,khaki
383,mighty
384,laughing
385,unselfish
386,new
387,fervent
388,flawless
389,obedient
390,adaptable
391,busy
392,saffron
393,righteous
394,manipulative
395,daffodil
396,chubby
397,piquant
398,miniature
399,agate
400,groovy
401,misty
402,accomplished
403,knowing
404,nimble
405,mini
406,brave
407,imposing
408,nondescript
409,rousing
410,nebulous
411,scrupulous
412,singing
413,peculiar
414,smooth
415,curious
416,debonair
417,pretty
418,crystal
419,therapeutic
420,astute
421,fanatic
422,thankful
423,arboreal
424,rigorous
425,complex
426,lovely
427,gainful
428,shrewd
429,angelic
430,rational
431,classic
432,silver
433,godlike
434,nostalgic
435,spiffy
436,dynamic
437,vigilant
438,demonic
439,truthful
440,ludicrous
441,meticulous
442,curly
443,urban
444,tacky
445,xanthic
446,shapeless
447,dramatic
448,woodoo
449,jovial
450,feathered
451,fluffy
452,icy
453,victorious
454,fresh
455,hot
456,pompous
457,accelerated
458,amusing
459,strict
460,hallowed
461,amber
462,vagabond
463,burgundy
464,impartial
465,unnatural
466,coral
467,towering
468,arcane
469,aboriginal
470,pastel
471,stylish
472,stalwart
473,ultramarine
474,strange
475,foamy
476,stereotyped
477,cocky
478,fantastic
479,premium
480,hysterical
481,turaco
482,winged
483,jumping
484,copper
485,frisky
486,purring
487,lumpy
488,sincere
489,rebel
490,phenomenal
491,sensible
492,monumental
493,energetic
494,snobbish
495,berserk
496,serious
497,abiding
498,uptight
499,masterful
500,blazing
501,cerise
502,daffy
503,congenial
504,hopeful
505,efficient
506,discerning
507,heavy
508,emerald
509,outrageous
510,lean
511,flying
512,thick
513,puzzling
514,pastoral
515,sassy
516,practical
517,bizarre
518,belligerent
519,realistic
520,tough
521,hilarious
522,benevolent
523,viridian
524,yellow
525,rainbow
526,cryptic
527,robust
528,talented
529,lemon
530,satisfied
531,lush
532,famous
533,chirpy
534,delightful
535,smart
536,tidy
537,cordial
538,wakeful
539,invisible
540,blond
541,independent
542,amethyst
543,poised
544,beryl
545,fortunate
546,omniscient
547,mottled
548,bipedal
549,petite
550,illustrious
551,idealistic
552,awesome
553,splendid
554,loose
555,simple
556,rose
557,notorious
558,adorable
559,exuberant
560,happy
561,furry
562,rich
563,offbeat
564,bold
565,amorphous
566,astonishing
567,futuristic
568,grinning
569,merciful
570,black
571,enthusiastic
572,ambrosial
573,cooperative
574,observant
575,divergent
576,psychedelic
577,wealthy
578,pearl
579,benign
580,ochre
581,intelligent
582,gabby
583,cautious
584,amiable
585,lilac
586,mindful
587,armored
588,blue
589,flashy
590,jade
591,charcoal
592,unyielding
593,free
594,attentive
595,elite
596,enchanted
597,radiant
598,maize
599,vague
600,opal
601,peach
602,imaginary
603,dark
604,real
605,tungsten
606,uber
607,succinct
608,unbiased
609,mutant
610,optimal
611,loud
612,steady
613,spiritual
614,mustard
615,olivine
616,soft
617,sepia
618,super
619,crouching
620,wine
621,papaya
622,marigold
623,finicky
624,amazing
625,cyber
626,white
627,lavender
628,screeching
629,ginger
630,lyrical
631,asparagus
632,married
633,cornflower
634,dandelion
635,sceptical
636,mega
637,cerulean
638,ebony
639,wisteria
640,topaz
641,thistle
642,denim
643,mahogany
644,cherry
645,cobalt
646,peridot
647,placid
648,ninja
649,carrot
650,nickel
651,gray
652,myrtle
653,amaranth
654,eggplant
655,red
656,platinum
657,celadon
658,banana
659,chocolate
660,brown
661,space
662,cream
663,tomato
664,pygmy
665,scarlet
666,sandy
667,persimmon
668,vermilion
669,gila
670,quartz
671,turquoise
672,granite
673,cinnamon
674,artichoke
675,azure
676,ultra
677,bronze
678,diamond
679,ivory
680,taupe
681,mauve
682,jasmine
683,tourmaline
684,pistachio
685,jasper
686,orchid
687,maroon
688,teal
689,micro
690,indigo
691,infrared
692,beige
693,pink
694,pumpkin
695,umber
696,malachite
697,vanilla
698,chestnut
699,cyan
700,almond
701,tan
702,lime
703,olive
704,nano
705,russet
706,golden
707,tuscan
708,violet
709,green
710,sapphire
711,aquamarine
712,carmine
713,brass
714,onyx
715,shark
716,boobook
717,zircon
718,orange
719,ultraviolet
720,magenta
721,curassow
722,steel
723,hawk
724,sperm
725,hedgehog
726,agouti
727,hoatzin
728,armadillo
729,elephant
730,sunfish
731,puma
732,anaconda
733,flamingo
734,orca
735,jacamar
736,mosquito
737,atlantic
738,ferret
739,seahorse
740,camel
741,ara
742,smilodon
743,rat
744,quetzal
745,hound
746,trumpeter
747,sawfly
748,lionfish
749,goshawk
750,nyala
751,pronghorn
752,grebe
753,terrier
754,grasshopper
755,beaked
756,harrier
757,cuckoo
758,tapir
759,swine
760,hippo
761,caracara
762,booby
763,roadrunner
764,lynx
765,tiger
766,shellfish
767,cliff
768,moose
769,chital
770,coucal
771,warthog
772,jaguarundi
773,beluga
774,starling
775,coua
776,sturgeon
777,crane
778,snail
779,coot
780,hyrax
781,caracal
782,ant
783,millipede
784,cockle
785,centipede
786,jaybird
787,vulture
788,monkey
789,bullfinch
790,feral
791,orangutan
792,pampas
793,hyacinth
794,cow
795,ibex
796,quail
797,platypus
798,crab
799,weasel
800,leopard
801,cuttlefish
802,auk
803,mink
804,crayfish
805,mandrill
806,harbor
807,dog
808,pig
809,crow
810,cat
811,locust
812,dolphin
813,corgi
814,emperor
815,zebu
816,mouse
817,tortoise
818,angora
819,swan
820,frog
821,rhino
822,honey
823,marmot
824,pheasant
825,bustard
826,beagle
827,mammoth
828,nautilus
829,honeybee
830,sambar
831,elk
832,kittiwake
833,chipmunk
834,lyrebird
835,cobra
836,olympic
837,pelican
838,stingray
839,oarfish
840,malkoha
841,pine
842,jellyfish
843,boar
844,okapi
845,earwig
846,yak
847,panther
848,clam
849,turkey
850,wren
851,rabbit
852,alpaca
853,whale
854,bear
855,oyster
856,mule
857,otter
858,woodpecker
859,llama
860,kestrel
861,griffin
862,trout
863,dragon
864,cuscus
865,silkworm
866,prairie
867,alpine
868,urchin
869,tawny
870,condor
871,echidna
872,hamster
873,pegasus
874,mountain
875,samoyed
876,woodlouse
877,wildcat
878,parrot
879,tuna
880,parakeet
881,fulmar
882,macaw
883,jackal
884,poodle
885,ammonite
886,mastodon
887,pigeon
888,partridge
889,rottweiler
890,caribou
891,caterpillar
892,dormouse
893,fishing
894,stork
895,manul
896,dinosaur
897,bat
898,shrew
899,fossa
900,catfish
901,spinner
902,fennec
903,bobcat
904,tuatara
905,rattlesnake
906,wapiti
907,zebra
908,mantis
909,lemming
910,degu
911,ocelot
912,sidewinder
913,antelope
914,cricket
915,puffin
916,bottlenose
917,frigatebird
918,jaguar
919,wildebeest
920,oriole
921,lori
922,rook
923,mouflon
924,chimney
925,lobster
926,aardwark
927,marmoset
928,uakari
929,hare
930,wolverine
931,fur
932,guillemot
933,whooping
934,barn
935,asp
936,chimpanzee
937,carp
938,guan
939,scorpion
940,collie
941,lion
942,gorilla
943,angelfish
944,whooper
945,bulldog
946,markhor
947,anteater
948,groundhog
949,flounder
950,hornet
951,termite
952,seriema
953,perch
954,emu
955,vole
956,octopus
957,harlequin
958,stygian
959,porcupine
960,koala
961,alligator
962,sponge
963,muskox
964,skua
965,ape
966,adder
967,bettong
968,gaur
969,duck
970,aardwolf
971,goat
972,donkey
973,capybara
974,sloth
975,pogona
976,chameleon
977,robin
978,dove
979,jerboa
980,quokka
981,doberman
982,civet
983,swallow
984,shrimp
985,grizzly
986,viper
987,moth
988,boa
989,snow
990,hummingbird
991,waxbill
992,wallaby
993,dugong
994,pudu
995,hyena
996,akita
997,sparrow
998,narwhal
999,spoonbill
1000,python
